# cpace v0.1.3 targeted fuzz rerun
# candidate=1f19e278112fa037890848ed6c086addeffdca4e
# candidate_worktree=/private/tmp/cpace-1f19e27-fuzz-20260731T082842Z-imacpro/repo
# original_run_dir=/private/tmp/cpace-1f19e27-fuzz-20260731T082842Z-imacpro
# target=FuzzMessageARoundTrip
# transcript_start_utc=2026-07-31T22:50:09Z

$ hostname
# start_utc=2026-07-31T22:50:09Z
iMacPro.local
# end_utc=2026-07-31T22:50:09Z exit=0

$ sw_vers
# start_utc=2026-07-31T22:50:09Z
ProductName:		macOS
ProductVersion:		15.7.7
BuildVersion:		24G720
# end_utc=2026-07-31T22:50:09Z exit=0

$ uname -a
# start_utc=2026-07-31T22:50:09Z
Darwin iMacPro.local 24.6.0 Darwin Kernel Version 24.6.0: Tue Apr 21 20:17:54 PDT 2026; root:xnu-11417.140.69.710.16~1/RELEASE_X86_64 x86_64
# end_utc=2026-07-31T22:50:09Z exit=0

$ git --version
# start_utc=2026-07-31T22:50:09Z
git version 2.39.5 (Apple Git-154)
# end_utc=2026-07-31T22:50:09Z exit=0

$ go version
# start_utc=2026-07-31T22:50:09Z
go version go1.26.5 darwin/amd64
# end_utc=2026-07-31T22:50:09Z exit=0

$ go env GOOS GOARCH GOVERSION GOTOOLCHAIN GOFLAGS GOENV
# start_utc=2026-07-31T22:50:09Z
darwin
amd64
go1.26.5
go1.26.5

/Users/josh/Library/Application Support/go/env
# end_utc=2026-07-31T22:50:09Z exit=0

$ git rev-parse HEAD
1f19e278112fa037890848ed6c086addeffdca4e

$ git status --porcelain=v1

$ git diff --exit-code --no-ext-diff
# start_utc=2026-07-31T22:50:09Z
# end_utc=2026-07-31T22:50:09Z exit=0

$ FUZZ_RACE=0 GOMAXPROCS=4 go test -timeout=0 -fuzz=FuzzMessageARoundTrip -fuzztime=1h .
# rerun_start_utc=2026-07-31T22:50:09Z
# environment=GOTOOLCHAIN=go1.26.5 FUZZ_RACE=0 GOMAXPROCS=4 FUZZTIME=1h FUZZ_TEST_PARALLEL=unset
fuzz: elapsed: 0s, gathering baseline coverage: 0/15 completed
fuzz: elapsed: 0s, gathering baseline coverage: 15/15 completed, now fuzzing with 4 workers
fuzz: elapsed: 3s, execs: 279863 (93270/sec), new interesting: 0 (total: 15)
fuzz: elapsed: 6s, execs: 572639 (97609/sec), new interesting: 0 (total: 15)
fuzz: elapsed: 9s, execs: 856185 (94477/sec), new interesting: 0 (total: 15)
fuzz: elapsed: 12s, execs: 1147513 (97149/sec), new interesting: 0 (total: 15)
fuzz: elapsed: 15s, execs: 1440277 (97588/sec), new interesting: 0 (total: 15)
fuzz: elapsed: 18s, execs: 1733061 (97591/sec), new interesting: 0 (total: 15)
fuzz: elapsed: 21s, execs: 2016406 (94452/sec), new interesting: 0 (total: 15)
fuzz: elapsed: 24s, execs: 2309228 (97607/sec), new interesting: 0 (total: 15)
fuzz: elapsed: 27s, execs: 2602111 (97627/sec), new interesting: 0 (total: 15)
fuzz: elapsed: 30s, execs: 2884900 (94201/sec), new interesting: 0 (total: 15)
fuzz: elapsed: 33s, execs: 3177941 (97745/sec), new interesting: 0 (total: 15)
fuzz: elapsed: 36s, execs: 3470894 (97652/sec), new interesting: 0 (total: 15)
fuzz: elapsed: 39s, execs: 3763859 (97655/sec), new interesting: 0 (total: 15)
fuzz: elapsed: 42s, execs: 4047098 (94413/sec), new interesting: 0 (total: 15)
fuzz: elapsed: 45s, execs: 4339602 (97436/sec), new interesting: 0 (total: 15)
fuzz: elapsed: 48s, execs: 4632321 (97573/sec), new interesting: 0 (total: 15)
fuzz: elapsed: 51s, execs: 4915317 (94394/sec), new interesting: 0 (total: 15)
fuzz: elapsed: 54s, execs: 5208076 (97522/sec), new interesting: 0 (total: 15)
fuzz: elapsed: 57s, execs: 5500965 (97694/sec), new interesting: 0 (total: 15)
fuzz: elapsed: 1m0s, execs: 5793176 (97402/sec), new interesting: 0 (total: 15)
fuzz: elapsed: 1m3s, execs: 6076395 (94408/sec), new interesting: 0 (total: 15)
fuzz: elapsed: 1m6s, execs: 6369123 (97512/sec), new interesting: 0 (total: 15)
fuzz: elapsed: 1m9s, execs: 6661731 (97600/sec), new interesting: 0 (total: 15)
fuzz: elapsed: 1m12s, execs: 6943918 (94063/sec), new interesting: 0 (total: 15)
fuzz: elapsed: 1m15s, execs: 7236305 (97397/sec), new interesting: 0 (total: 15)
fuzz: elapsed: 1m18s, execs: 7528785 (97558/sec), new interesting: 0 (total: 15)
fuzz: elapsed: 1m21s, execs: 7811385 (94200/sec), new interesting: 0 (total: 15)
fuzz: elapsed: 1m24s, execs: 8104073 (97563/sec), new interesting: 0 (total: 15)
fuzz: elapsed: 1m27s, execs: 8396652 (97462/sec), new interesting: 0 (total: 15)
fuzz: elapsed: 1m30s, execs: 8689019 (97520/sec), new interesting: 0 (total: 15)
fuzz: elapsed: 1m33s, execs: 8972115 (94357/sec), new interesting: 0 (total: 15)
fuzz: elapsed: 1m36s, execs: 9264695 (97535/sec), new interesting: 0 (total: 15)
fuzz: elapsed: 1m39s, execs: 9556952 (97420/sec), new interesting: 0 (total: 15)
fuzz: elapsed: 1m42s, execs: 9839674 (94196/sec), new interesting: 0 (total: 15)
fuzz: elapsed: 1m45s, execs: 10131844 (97406/sec), new interesting: 0 (total: 15)
fuzz: elapsed: 1m48s, execs: 10423991 (97413/sec), new interesting: 0 (total: 15)
fuzz: elapsed: 1m51s, execs: 10716472 (97494/sec), new interesting: 0 (total: 15)
fuzz: elapsed: 1m54s, execs: 10998988 (94171/sec), new interesting: 0 (total: 15)
fuzz: elapsed: 1m57s, execs: 11291629 (97547/sec), new interesting: 0 (total: 15)
fuzz: elapsed: 2m0s, execs: 11584035 (97470/sec), new interesting: 0 (total: 15)
fuzz: elapsed: 2m3s, execs: 11867027 (94267/sec), new interesting: 0 (total: 15)
fuzz: elapsed: 2m6s, execs: 12157521 (96896/sec), new interesting: 0 (total: 15)
fuzz: elapsed: 2m9s, execs: 12447433 (96573/sec), new interesting: 0 (total: 15)
fuzz: elapsed: 2m12s, execs: 12738191 (96950/sec), new interesting: 0 (total: 15)
fuzz: elapsed: 2m15s, execs: 13023448 (95120/sec), new interesting: 0 (total: 15)
fuzz: elapsed: 2m18s, execs: 13313237 (96532/sec), new interesting: 0 (total: 15)
fuzz: elapsed: 2m21s, execs: 13605633 (97530/sec), new interesting: 0 (total: 15)
fuzz: elapsed: 2m24s, execs: 13890587 (94971/sec), new interesting: 0 (total: 15)
fuzz: elapsed: 2m27s, execs: 14180600 (96686/sec), new interesting: 0 (total: 15)
fuzz: elapsed: 2m30s, execs: 14472878 (97426/sec), new interesting: 0 (total: 15)
fuzz: elapsed: 2m33s, execs: 14764923 (97348/sec), new interesting: 0 (total: 15)
fuzz: elapsed: 2m36s, execs: 15050100 (95059/sec), new interesting: 0 (total: 15)
fuzz: elapsed: 2m39s, execs: 15339914 (96597/sec), new interesting: 0 (total: 15)
fuzz: elapsed: 2m42s, execs: 15632445 (97517/sec), new interesting: 0 (total: 15)
fuzz: elapsed: 2m45s, execs: 15924874 (97477/sec), new interesting: 0 (total: 15)
fuzz: elapsed: 2m48s, execs: 16207766 (94296/sec), new interesting: 0 (total: 15)
fuzz: elapsed: 2m51s, execs: 16500235 (97490/sec), new interesting: 0 (total: 15)
fuzz: elapsed: 2m54s, execs: 16792578 (97448/sec), new interesting: 0 (total: 15)
fuzz: elapsed: 2m57s, execs: 17078113 (95179/sec), new interesting: 0 (total: 15)
fuzz: elapsed: 3m0s, execs: 17366717 (96201/sec), new interesting: 0 (total: 15)
fuzz: elapsed: 3m3s, execs: 17658591 (97291/sec), new interesting: 0 (total: 15)
fuzz: elapsed: 3m6s, execs: 17950616 (97342/sec), new interesting: 0 (total: 15)
fuzz: elapsed: 3m9s, execs: 18232328 (93904/sec), new interesting: 0 (total: 15)
fuzz: elapsed: 3m12s, execs: 18523024 (96899/sec), new interesting: 0 (total: 15)
fuzz: elapsed: 3m15s, execs: 18815512 (97497/sec), new interesting: 0 (total: 15)
fuzz: elapsed: 3m18s, execs: 19100291 (94926/sec), new interesting: 0 (total: 15)
fuzz: elapsed: 3m21s, execs: 19390543 (96750/sec), new interesting: 0 (total: 15)
fuzz: elapsed: 3m24s, execs: 19682867 (97377/sec), new interesting: 0 (total: 15)
fuzz: elapsed: 3m27s, execs: 19975767 (97634/sec), new interesting: 0 (total: 15)
fuzz: elapsed: 3m30s, execs: 20258598 (94339/sec), new interesting: 0 (total: 15)
fuzz: elapsed: 3m33s, execs: 20550993 (97401/sec), new interesting: 0 (total: 15)
fuzz: elapsed: 3m36s, execs: 20843720 (97640/sec), new interesting: 0 (total: 15)
fuzz: elapsed: 3m39s, execs: 21136498 (97583/sec), new interesting: 0 (total: 15)
fuzz: elapsed: 3m42s, execs: 21419327 (94285/sec), new interesting: 0 (total: 15)
fuzz: elapsed: 3m45s, execs: 21711789 (97484/sec), new interesting: 0 (total: 15)
fuzz: elapsed: 3m48s, execs: 22004012 (97411/sec), new interesting: 0 (total: 15)
fuzz: elapsed: 3m51s, execs: 22288778 (94921/sec), new interesting: 0 (total: 15)
fuzz: elapsed: 3m54s, execs: 22579070 (96764/sec), new interesting: 0 (total: 15)
fuzz: elapsed: 3m57s, execs: 22871525 (97485/sec), new interesting: 0 (total: 15)
fuzz: elapsed: 4m0s, execs: 23163900 (97458/sec), new interesting: 0 (total: 15)
fuzz: elapsed: 4m3s, execs: 23447028 (94314/sec), new interesting: 0 (total: 15)
fuzz: elapsed: 4m6s, execs: 23739457 (97535/sec), new interesting: 0 (total: 15)
fuzz: elapsed: 4m9s, execs: 24031638 (97397/sec), new interesting: 0 (total: 15)
fuzz: elapsed: 4m12s, execs: 24316656 (94994/sec), new interesting: 0 (total: 15)
fuzz: elapsed: 4m15s, execs: 24606961 (96719/sec), new interesting: 0 (total: 15)
fuzz: elapsed: 4m18s, execs: 24899109 (97447/sec), new interesting: 0 (total: 15)
fuzz: elapsed: 4m21s, execs: 25189362 (96740/sec), new interesting: 0 (total: 15)
fuzz: elapsed: 4m24s, execs: 25474679 (95115/sec), new interesting: 0 (total: 15)
fuzz: elapsed: 4m27s, execs: 25767371 (97566/sec), new interesting: 0 (total: 15)
fuzz: elapsed: 4m30s, execs: 26057376 (96668/sec), new interesting: 0 (total: 15)
fuzz: elapsed: 4m33s, execs: 26350086 (97554/sec), new interesting: 0 (total: 15)
fuzz: elapsed: 4m36s, execs: 26634944 (94905/sec), new interesting: 0 (total: 15)
fuzz: elapsed: 4m39s, execs: 26927269 (97507/sec), new interesting: 0 (total: 15)
fuzz: elapsed: 4m42s, execs: 27217402 (96711/sec), new interesting: 0 (total: 15)
fuzz: elapsed: 4m45s, execs: 27503033 (95210/sec), new interesting: 0 (total: 15)
fuzz: elapsed: 4m48s, execs: 27795506 (97453/sec), new interesting: 0 (total: 15)
fuzz: elapsed: 4m51s, execs: 28087109 (97237/sec), new interesting: 0 (total: 15)
fuzz: elapsed: 4m54s, execs: 28377455 (96769/sec), new interesting: 0 (total: 15)
fuzz: elapsed: 4m57s, execs: 28662623 (95071/sec), new interesting: 0 (total: 15)
fuzz: elapsed: 5m0s, execs: 28955199 (97525/sec), new interesting: 0 (total: 15)
fuzz: elapsed: 5m3s, execs: 29245507 (96769/sec), new interesting: 0 (total: 15)
fuzz: elapsed: 5m6s, execs: 29530394 (94948/sec), new interesting: 0 (total: 15)
fuzz: elapsed: 5m9s, execs: 29822876 (97510/sec), new interesting: 0 (total: 15)
fuzz: elapsed: 5m12s, execs: 30115472 (97531/sec), new interesting: 0 (total: 15)
fuzz: elapsed: 5m15s, execs: 30405436 (96656/sec), new interesting: 0 (total: 15)
fuzz: elapsed: 5m18s, execs: 30687982 (94165/sec), new interesting: 0 (total: 15)
fuzz: elapsed: 5m21s, execs: 30980604 (97558/sec), new interesting: 0 (total: 15)
fuzz: elapsed: 5m24s, execs: 31270600 (96648/sec), new interesting: 0 (total: 15)
fuzz: elapsed: 5m27s, execs: 31563456 (97636/sec), new interesting: 0 (total: 15)
fuzz: elapsed: 5m30s, execs: 31849064 (95202/sec), new interesting: 0 (total: 15)
fuzz: elapsed: 5m33s, execs: 32141536 (97491/sec), new interesting: 0 (total: 15)
fuzz: elapsed: 5m36s, execs: 32431620 (96639/sec), new interesting: 0 (total: 15)
fuzz: elapsed: 5m39s, execs: 32718047 (95522/sec), new interesting: 0 (total: 15)
fuzz: elapsed: 5m42s, execs: 33010400 (97459/sec), new interesting: 0 (total: 15)
fuzz: elapsed: 5m45s, execs: 33300700 (96767/sec), new interesting: 0 (total: 15)
fuzz: elapsed: 5m48s, execs: 33590649 (96650/sec), new interesting: 0 (total: 15)
fuzz: elapsed: 5m51s, execs: 33877231 (95473/sec), new interesting: 0 (total: 15)
fuzz: elapsed: 5m54s, execs: 34167330 (96755/sec), new interesting: 0 (total: 15)
fuzz: elapsed: 5m57s, execs: 34457357 (96612/sec), new interesting: 0 (total: 15)
fuzz: elapsed: 6m0s, execs: 34744866 (95900/sec), new interesting: 0 (total: 15)
fuzz: elapsed: 6m3s, execs: 35037573 (97569/sec), new interesting: 0 (total: 15)
fuzz: elapsed: 6m6s, execs: 35327695 (96707/sec), new interesting: 0 (total: 15)
fuzz: elapsed: 6m9s, execs: 35617794 (96700/sec), new interesting: 0 (total: 15)
fuzz: elapsed: 6m12s, execs: 35905807 (96000/sec), new interesting: 0 (total: 15)
fuzz: elapsed: 6m15s, execs: 36196086 (96762/sec), new interesting: 0 (total: 15)
fuzz: elapsed: 6m18s, execs: 36488172 (97363/sec), new interesting: 0 (total: 15)
fuzz: elapsed: 6m21s, execs: 36773780 (95203/sec), new interesting: 0 (total: 15)
fuzz: elapsed: 6m24s, execs: 37066323 (97515/sec), new interesting: 0 (total: 15)
fuzz: elapsed: 6m27s, execs: 37356480 (96719/sec), new interesting: 0 (total: 15)
fuzz: elapsed: 6m30s, execs: 37648500 (97340/sec), new interesting: 0 (total: 15)
fuzz: elapsed: 6m33s, execs: 37934345 (95218/sec), new interesting: 0 (total: 15)
fuzz: elapsed: 6m36s, execs: 38224695 (96847/sec), new interesting: 0 (total: 15)
fuzz: elapsed: 6m39s, execs: 38513800 (96369/sec), new interesting: 0 (total: 15)
fuzz: elapsed: 6m42s, execs: 38806093 (97431/sec), new interesting: 0 (total: 15)
fuzz: elapsed: 6m45s, execs: 39095956 (96614/sec), new interesting: 0 (total: 15)
fuzz: elapsed: 6m48s, execs: 39383314 (95792/sec), new interesting: 0 (total: 15)
fuzz: elapsed: 6m51s, execs: 39674638 (97108/sec), new interesting: 0 (total: 15)
fuzz: elapsed: 6m54s, execs: 39964730 (96696/sec), new interesting: 0 (total: 15)
fuzz: elapsed: 6m57s, execs: 40252389 (95887/sec), new interesting: 0 (total: 15)
fuzz: elapsed: 7m0s, execs: 40542807 (96806/sec), new interesting: 0 (total: 15)
fuzz: elapsed: 7m3s, execs: 40835189 (97461/sec), new interesting: 0 (total: 15)
fuzz: elapsed: 7m6s, execs: 41124725 (96512/sec), new interesting: 0 (total: 15)
fuzz: elapsed: 7m9s, execs: 41410177 (95151/sec), new interesting: 0 (total: 15)
fuzz: elapsed: 7m12s, execs: 41702529 (97451/sec), new interesting: 0 (total: 15)
fuzz: elapsed: 7m15s, execs: 41992639 (96703/sec), new interesting: 0 (total: 15)
fuzz: elapsed: 7m18s, execs: 42282299 (96514/sec), new interesting: 0 (total: 15)
fuzz: elapsed: 7m21s, execs: 42569530 (95783/sec), new interesting: 0 (total: 15)
fuzz: elapsed: 7m24s, execs: 42862205 (97504/sec), new interesting: 0 (total: 15)
fuzz: elapsed: 7m27s, execs: 43152275 (96744/sec), new interesting: 0 (total: 15)
fuzz: elapsed: 7m30s, execs: 43437323 (94962/sec), new interesting: 0 (total: 15)
fuzz: elapsed: 7m33s, execs: 43729765 (97537/sec), new interesting: 0 (total: 15)
fuzz: elapsed: 7m36s, execs: 44022127 (97453/sec), new interesting: 0 (total: 15)
fuzz: elapsed: 7m39s, execs: 44312396 (96757/sec), new interesting: 0 (total: 15)
fuzz: elapsed: 7m42s, execs: 44597758 (95120/sec), new interesting: 0 (total: 15)
fuzz: elapsed: 7m45s, execs: 44889948 (97350/sec), new interesting: 0 (total: 15)
fuzz: elapsed: 7m48s, execs: 45180089 (96716/sec), new interesting: 0 (total: 15)
fuzz: elapsed: 7m51s, execs: 45465409 (95150/sec), new interesting: 0 (total: 15)
fuzz: elapsed: 7m54s, execs: 45758494 (97696/sec), new interesting: 0 (total: 15)
fuzz: elapsed: 7m57s, execs: 46048642 (96651/sec), new interesting: 0 (total: 15)
fuzz: elapsed: 8m0s, execs: 46341204 (97586/sec), new interesting: 0 (total: 15)
fuzz: elapsed: 8m3s, execs: 46626190 (94932/sec), new interesting: 0 (total: 15)
fuzz: elapsed: 8m6s, execs: 46918839 (97615/sec), new interesting: 0 (total: 15)
fuzz: elapsed: 8m9s, execs: 47208483 (96547/sec), new interesting: 0 (total: 15)
fuzz: elapsed: 8m12s, execs: 47493525 (95014/sec), new interesting: 0 (total: 15)
fuzz: elapsed: 8m15s, execs: 47786139 (97538/sec), new interesting: 0 (total: 15)
fuzz: elapsed: 8m18s, execs: 48077118 (96993/sec), new interesting: 0 (total: 15)
fuzz: elapsed: 8m21s, execs: 48367352 (96745/sec), new interesting: 0 (total: 15)
fuzz: elapsed: 8m24s, execs: 48653364 (95337/sec), new interesting: 0 (total: 15)
fuzz: elapsed: 8m27s, execs: 48945873 (97501/sec), new interesting: 0 (total: 15)
fuzz: elapsed: 8m30s, execs: 49233295 (95811/sec), new interesting: 0 (total: 15)
fuzz: elapsed: 8m33s, execs: 49525958 (97553/sec), new interesting: 0 (total: 15)
fuzz: elapsed: 8m36s, execs: 49813761 (95933/sec), new interesting: 0 (total: 15)
fuzz: elapsed: 8m39s, execs: 50105891 (97378/sec), new interesting: 0 (total: 15)
fuzz: elapsed: 8m42s, execs: 50393482 (95864/sec), new interesting: 0 (total: 15)
fuzz: elapsed: 8m45s, execs: 50680965 (95791/sec), new interesting: 0 (total: 15)
fuzz: elapsed: 8m48s, execs: 50973612 (97587/sec), new interesting: 0 (total: 15)
fuzz: elapsed: 8m51s, execs: 51263146 (96510/sec), new interesting: 0 (total: 15)
fuzz: elapsed: 8m54s, execs: 51552937 (96598/sec), new interesting: 0 (total: 15)
fuzz: elapsed: 8m57s, execs: 51840492 (95851/sec), new interesting: 0 (total: 15)
fuzz: elapsed: 9m0s, execs: 52133037 (97479/sec), new interesting: 0 (total: 15)
fuzz: elapsed: 9m3s, execs: 52421063 (96045/sec), new interesting: 0 (total: 15)
fuzz: elapsed: 9m6s, execs: 52708632 (95792/sec), new interesting: 0 (total: 15)
fuzz: elapsed: 9m9s, execs: 53001258 (97607/sec), new interesting: 0 (total: 15)
fuzz: elapsed: 9m12s, execs: 53293498 (97414/sec), new interesting: 0 (total: 15)
fuzz: elapsed: 9m15s, execs: 53581024 (95841/sec), new interesting: 0 (total: 15)
fuzz: elapsed: 9m18s, execs: 53867513 (95436/sec), new interesting: 0 (total: 15)
fuzz: elapsed: 9m21s, execs: 54159195 (97289/sec), new interesting: 0 (total: 15)
fuzz: elapsed: 9m24s, execs: 54448912 (96572/sec), new interesting: 0 (total: 15)
fuzz: elapsed: 9m27s, execs: 54736452 (95847/sec), new interesting: 0 (total: 15)
fuzz: elapsed: 9m30s, execs: 55026519 (96637/sec), new interesting: 0 (total: 15)
fuzz: elapsed: 9m33s, execs: 55319722 (97787/sec), new interesting: 0 (total: 15)
fuzz: elapsed: 9m36s, execs: 55607435 (95841/sec), new interesting: 0 (total: 15)
fuzz: elapsed: 9m39s, execs: 55897358 (96641/sec), new interesting: 0 (total: 15)
fuzz: elapsed: 9m42s, execs: 56187238 (96691/sec), new interesting: 0 (total: 15)
fuzz: elapsed: 9m45s, execs: 56475371 (96016/sec), new interesting: 0 (total: 15)
fuzz: elapsed: 9m48s, execs: 56768083 (97598/sec), new interesting: 0 (total: 15)
fuzz: elapsed: 9m51s, execs: 57048967 (93627/sec), new interesting: 0 (total: 15)
fuzz: elapsed: 9m54s, execs: 57341327 (97456/sec), new interesting: 0 (total: 15)
fuzz: elapsed: 9m57s, execs: 57596280 (84928/sec), new interesting: 0 (total: 15)
fuzz: elapsed: 10m0s, execs: 57886734 (96818/sec), new interesting: 0 (total: 15)
fuzz: elapsed: 10m3s, execs: 58176680 (96714/sec), new interesting: 0 (total: 15)
fuzz: elapsed: 10m6s, execs: 58464079 (95799/sec), new interesting: 0 (total: 15)
fuzz: elapsed: 10m9s, execs: 58756935 (97618/sec), new interesting: 0 (total: 15)
fuzz: elapsed: 10m12s, execs: 59044128 (95731/sec), new interesting: 0 (total: 15)
fuzz: elapsed: 10m15s, execs: 59336392 (97422/sec), new interesting: 0 (total: 15)
fuzz: elapsed: 10m18s, execs: 59624932 (96180/sec), new interesting: 0 (total: 15)
fuzz: elapsed: 10m21s, execs: 59911600 (95533/sec), new interesting: 0 (total: 15)
fuzz: elapsed: 10m24s, execs: 60201424 (96567/sec), new interesting: 0 (total: 15)
fuzz: elapsed: 10m27s, execs: 60494136 (97636/sec), new interesting: 0 (total: 15)
fuzz: elapsed: 10m30s, execs: 60784431 (96765/sec), new interesting: 0 (total: 15)
fuzz: elapsed: 10m33s, execs: 61072470 (96013/sec), new interesting: 0 (total: 15)
fuzz: elapsed: 10m36s, execs: 61362943 (96824/sec), new interesting: 0 (total: 15)
fuzz: elapsed: 10m39s, execs: 61651058 (96037/sec), new interesting: 0 (total: 15)
fuzz: elapsed: 10m42s, execs: 61938942 (95963/sec), new interesting: 0 (total: 15)
fuzz: elapsed: 10m45s, execs: 62229018 (96691/sec), new interesting: 0 (total: 15)
fuzz: elapsed: 10m48s, execs: 62521493 (97492/sec), new interesting: 0 (total: 15)
fuzz: elapsed: 10m51s, execs: 62811438 (96649/sec), new interesting: 0 (total: 15)
fuzz: elapsed: 10m54s, execs: 63099116 (95892/sec), new interesting: 0 (total: 15)
fuzz: elapsed: 10m57s, execs: 63388883 (96589/sec), new interesting: 0 (total: 15)
fuzz: elapsed: 11m0s, execs: 63679114 (96744/sec), new interesting: 0 (total: 15)
fuzz: elapsed: 11m3s, execs: 63971792 (97553/sec), new interesting: 0 (total: 15)
fuzz: elapsed: 11m6s, execs: 64256552 (94915/sec), new interesting: 0 (total: 15)
fuzz: elapsed: 11m9s, execs: 64549098 (97527/sec), new interesting: 0 (total: 15)
fuzz: elapsed: 11m12s, execs: 64839283 (96728/sec), new interesting: 0 (total: 15)
fuzz: elapsed: 11m15s, execs: 65127401 (95976/sec), new interesting: 0 (total: 15)
fuzz: elapsed: 11m18s, execs: 65417335 (96710/sec), new interesting: 0 (total: 15)
fuzz: elapsed: 11m21s, execs: 65710177 (97578/sec), new interesting: 0 (total: 15)
fuzz: elapsed: 11m24s, execs: 66000496 (96809/sec), new interesting: 0 (total: 15)
fuzz: elapsed: 11m27s, execs: 66285817 (95044/sec), new interesting: 0 (total: 15)
fuzz: elapsed: 11m30s, execs: 66578383 (97582/sec), new interesting: 0 (total: 15)
fuzz: elapsed: 11m33s, execs: 66868622 (96751/sec), new interesting: 0 (total: 15)
fuzz: elapsed: 11m36s, execs: 67158978 (96784/sec), new interesting: 0 (total: 15)
fuzz: elapsed: 11m39s, execs: 67446123 (95701/sec), new interesting: 0 (total: 15)
fuzz: elapsed: 11m42s, execs: 67738019 (97314/sec), new interesting: 0 (total: 15)
fuzz: elapsed: 11m45s, execs: 68027668 (96533/sec), new interesting: 0 (total: 15)
fuzz: elapsed: 11m48s, execs: 68312619 (94983/sec), new interesting: 0 (total: 15)
fuzz: elapsed: 11m51s, execs: 68604865 (97432/sec), new interesting: 0 (total: 15)
fuzz: elapsed: 11m54s, execs: 68897605 (97580/sec), new interesting: 0 (total: 15)
fuzz: elapsed: 11m57s, execs: 69187790 (96711/sec), new interesting: 0 (total: 15)
fuzz: elapsed: 12m0s, execs: 69473241 (95164/sec), new interesting: 0 (total: 15)
fuzz: elapsed: 12m3s, execs: 69765453 (97406/sec), new interesting: 0 (total: 15)
fuzz: elapsed: 12m6s, execs: 70055349 (96634/sec), new interesting: 0 (total: 15)
fuzz: elapsed: 12m9s, execs: 70340403 (95014/sec), new interesting: 0 (total: 15)
fuzz: elapsed: 12m12s, execs: 70633015 (97530/sec), new interesting: 0 (total: 15)
fuzz: elapsed: 12m15s, execs: 70925854 (97624/sec), new interesting: 0 (total: 15)
fuzz: elapsed: 12m18s, execs: 71216155 (96767/sec), new interesting: 0 (total: 15)
fuzz: elapsed: 12m21s, execs: 71501074 (94946/sec), new interesting: 0 (total: 15)
fuzz: elapsed: 12m24s, execs: 71793566 (97461/sec), new interesting: 0 (total: 15)
fuzz: elapsed: 12m27s, execs: 72085437 (97353/sec), new interesting: 0 (total: 15)
fuzz: elapsed: 12m30s, execs: 72367127 (93898/sec), new interesting: 0 (total: 15)
fuzz: elapsed: 12m33s, execs: 72659834 (97567/sec), new interesting: 0 (total: 15)
fuzz: elapsed: 12m36s, execs: 72952503 (97554/sec), new interesting: 0 (total: 15)
fuzz: elapsed: 12m39s, execs: 73242502 (96672/sec), new interesting: 0 (total: 15)
fuzz: elapsed: 12m42s, execs: 73528180 (95224/sec), new interesting: 0 (total: 15)
fuzz: elapsed: 12m45s, execs: 73820450 (97425/sec), new interesting: 0 (total: 15)
fuzz: elapsed: 12m48s, execs: 74113053 (97535/sec), new interesting: 0 (total: 15)
fuzz: elapsed: 12m51s, execs: 74395937 (94289/sec), new interesting: 0 (total: 15)
fuzz: elapsed: 12m54s, execs: 74688430 (97503/sec), new interesting: 0 (total: 15)
fuzz: elapsed: 12m57s, execs: 74981019 (97529/sec), new interesting: 0 (total: 15)
fuzz: elapsed: 13m0s, execs: 75273170 (97384/sec), new interesting: 0 (total: 15)
fuzz: elapsed: 13m3s, execs: 75554823 (93821/sec), new interesting: 0 (total: 15)
fuzz: elapsed: 13m6s, execs: 75847096 (97489/sec), new interesting: 0 (total: 15)
fuzz: elapsed: 13m9s, execs: 76139357 (97410/sec), new interesting: 0 (total: 15)
fuzz: elapsed: 13m12s, execs: 76421391 (94022/sec), new interesting: 0 (total: 15)
fuzz: elapsed: 13m15s, execs: 76714149 (97586/sec), new interesting: 0 (total: 15)
fuzz: elapsed: 13m18s, execs: 77006304 (97385/sec), new interesting: 0 (total: 15)
fuzz: elapsed: 13m21s, execs: 77298870 (97522/sec), new interesting: 0 (total: 15)
fuzz: elapsed: 13m24s, execs: 77582351 (94494/sec), new interesting: 0 (total: 15)
fuzz: elapsed: 13m27s, execs: 77875262 (97636/sec), new interesting: 0 (total: 15)
fuzz: elapsed: 13m30s, execs: 78167704 (97481/sec), new interesting: 0 (total: 15)
fuzz: elapsed: 13m33s, execs: 78450536 (94214/sec), new interesting: 0 (total: 15)
fuzz: elapsed: 13m36s, execs: 78743071 (97576/sec), new interesting: 0 (total: 15)
fuzz: elapsed: 13m39s, execs: 79035200 (97312/sec), new interesting: 0 (total: 15)
fuzz: elapsed: 13m42s, execs: 79327816 (97539/sec), new interesting: 0 (total: 15)
fuzz: elapsed: 13m45s, execs: 79610113 (94098/sec), new interesting: 0 (total: 15)
fuzz: elapsed: 13m48s, execs: 79899698 (96593/sec), new interesting: 0 (total: 15)
fuzz: elapsed: 13m51s, execs: 80191665 (97322/sec), new interesting: 0 (total: 15)
fuzz: elapsed: 13m54s, execs: 80476409 (94915/sec), new interesting: 0 (total: 15)
fuzz: elapsed: 13m57s, execs: 80766192 (96539/sec), new interesting: 0 (total: 15)
fuzz: elapsed: 14m0s, execs: 81056869 (96940/sec), new interesting: 0 (total: 15)
fuzz: elapsed: 14m3s, execs: 81346922 (96691/sec), new interesting: 0 (total: 15)
fuzz: elapsed: 14m6s, execs: 81630458 (94513/sec), new interesting: 0 (total: 15)
fuzz: elapsed: 14m9s, execs: 81922834 (97457/sec), new interesting: 0 (total: 15)
fuzz: elapsed: 14m12s, execs: 82212318 (96483/sec), new interesting: 0 (total: 15)
fuzz: elapsed: 14m15s, execs: 82504873 (97531/sec), new interesting: 0 (total: 15)
fuzz: elapsed: 14m18s, execs: 82791106 (95400/sec), new interesting: 0 (total: 15)
fuzz: elapsed: 14m21s, execs: 83081310 (96746/sec), new interesting: 0 (total: 15)
fuzz: elapsed: 14m24s, execs: 83372032 (96908/sec), new interesting: 0 (total: 15)
fuzz: elapsed: 14m27s, execs: 83661947 (96627/sec), new interesting: 0 (total: 15)
fuzz: elapsed: 14m30s, execs: 83949178 (95755/sec), new interesting: 0 (total: 15)
fuzz: elapsed: 14m33s, execs: 84239995 (96939/sec), new interesting: 0 (total: 15)
fuzz: elapsed: 14m36s, execs: 84532550 (97516/sec), new interesting: 0 (total: 15)
fuzz: elapsed: 14m39s, execs: 84819850 (95731/sec), new interesting: 0 (total: 15)
fuzz: elapsed: 14m42s, execs: 85106465 (95576/sec), new interesting: 0 (total: 15)
fuzz: elapsed: 14m45s, execs: 85398811 (97383/sec), new interesting: 0 (total: 15)
fuzz: elapsed: 14m48s, execs: 85688740 (96700/sec), new interesting: 0 (total: 15)
fuzz: elapsed: 14m51s, execs: 85977918 (96400/sec), new interesting: 0 (total: 15)
fuzz: elapsed: 14m54s, execs: 86266072 (96023/sec), new interesting: 0 (total: 15)
fuzz: elapsed: 14m57s, execs: 86558606 (97540/sec), new interesting: 0 (total: 15)
fuzz: elapsed: 15m0s, execs: 86848676 (96690/sec), new interesting: 0 (total: 15)
fuzz: elapsed: 15m3s, execs: 87134460 (95198/sec), new interesting: 0 (total: 15)
fuzz: elapsed: 15m6s, execs: 87427042 (97527/sec), new interesting: 0 (total: 15)
fuzz: elapsed: 15m9s, execs: 87719765 (97640/sec), new interesting: 0 (total: 15)
fuzz: elapsed: 15m12s, execs: 88007312 (95849/sec), new interesting: 0 (total: 15)
fuzz: elapsed: 15m15s, execs: 88294708 (95799/sec), new interesting: 0 (total: 15)
fuzz: elapsed: 15m18s, execs: 88587309 (97534/sec), new interesting: 0 (total: 15)
fuzz: elapsed: 15m21s, execs: 88877178 (96565/sec), new interesting: 0 (total: 15)
fuzz: elapsed: 15m24s, execs: 89161990 (94931/sec), new interesting: 0 (total: 15)
fuzz: elapsed: 15m27s, execs: 89453774 (97326/sec), new interesting: 0 (total: 15)
fuzz: elapsed: 15m30s, execs: 89746206 (97469/sec), new interesting: 0 (total: 15)
fuzz: elapsed: 15m33s, execs: 90036699 (96839/sec), new interesting: 0 (total: 15)
fuzz: elapsed: 15m36s, execs: 90324520 (95940/sec), new interesting: 0 (total: 15)
fuzz: elapsed: 15m39s, execs: 90613902 (96462/sec), new interesting: 0 (total: 15)
fuzz: elapsed: 15m42s, execs: 90905747 (97281/sec), new interesting: 0 (total: 15)
fuzz: elapsed: 15m45s, execs: 91190698 (94984/sec), new interesting: 0 (total: 15)
fuzz: elapsed: 15m48s, execs: 91482182 (97161/sec), new interesting: 0 (total: 15)
fuzz: elapsed: 15m51s, execs: 91770850 (96218/sec), new interesting: 0 (total: 15)
fuzz: elapsed: 15m54s, execs: 92055375 (94846/sec), new interesting: 0 (total: 15)
fuzz: elapsed: 15m57s, execs: 92341265 (95271/sec), new interesting: 0 (total: 15)
fuzz: elapsed: 16m0s, execs: 92630183 (96268/sec), new interesting: 0 (total: 15)
fuzz: elapsed: 16m3s, execs: 92921588 (97199/sec), new interesting: 0 (total: 15)
fuzz: elapsed: 16m6s, execs: 93205534 (94626/sec), new interesting: 0 (total: 15)
fuzz: elapsed: 16m9s, execs: 93494847 (96396/sec), new interesting: 0 (total: 15)
fuzz: elapsed: 16m12s, execs: 93786360 (97234/sec), new interesting: 0 (total: 15)
fuzz: elapsed: 16m15s, execs: 94070872 (94840/sec), new interesting: 0 (total: 15)
fuzz: elapsed: 16m18s, execs: 94361961 (97030/sec), new interesting: 0 (total: 15)
fuzz: elapsed: 16m21s, execs: 94650634 (96223/sec), new interesting: 0 (total: 15)
fuzz: elapsed: 16m24s, execs: 94942137 (97167/sec), new interesting: 0 (total: 15)
fuzz: elapsed: 16m27s, execs: 95226863 (94888/sec), new interesting: 0 (total: 15)
fuzz: elapsed: 16m30s, execs: 95516058 (96414/sec), new interesting: 0 (total: 15)
fuzz: elapsed: 16m33s, execs: 95807667 (97209/sec), new interesting: 0 (total: 15)
fuzz: elapsed: 16m36s, execs: 96091069 (94404/sec), new interesting: 0 (total: 15)
fuzz: elapsed: 16m39s, execs: 96382568 (97230/sec), new interesting: 0 (total: 15)
fuzz: elapsed: 16m42s, execs: 96671752 (96362/sec), new interesting: 0 (total: 15)
fuzz: elapsed: 16m45s, execs: 96963432 (97260/sec), new interesting: 0 (total: 15)
fuzz: elapsed: 16m48s, execs: 97247661 (94720/sec), new interesting: 0 (total: 15)
fuzz: elapsed: 16m51s, execs: 97536802 (96402/sec), new interesting: 0 (total: 15)
fuzz: elapsed: 16m54s, execs: 97828317 (97153/sec), new interesting: 0 (total: 15)
fuzz: elapsed: 16m57s, execs: 98112774 (94837/sec), new interesting: 0 (total: 15)
fuzz: elapsed: 17m0s, execs: 98404516 (97245/sec), new interesting: 0 (total: 15)
fuzz: elapsed: 17m3s, execs: 98690468 (95257/sec), new interesting: 0 (total: 15)
fuzz: elapsed: 17m6s, execs: 98976698 (95473/sec), new interesting: 0 (total: 15)
fuzz: elapsed: 17m9s, execs: 99268176 (97158/sec), new interesting: 0 (total: 15)
fuzz: elapsed: 17m12s, execs: 99557023 (96284/sec), new interesting: 0 (total: 15)
fuzz: elapsed: 17m15s, execs: 99846247 (96407/sec), new interesting: 0 (total: 15)
fuzz: elapsed: 17m18s, execs: 100132603 (95452/sec), new interesting: 0 (total: 15)
fuzz: elapsed: 17m21s, execs: 100424098 (97165/sec), new interesting: 0 (total: 15)
fuzz: elapsed: 17m24s, execs: 100710696 (95533/sec), new interesting: 0 (total: 15)
fuzz: elapsed: 17m27s, execs: 100997604 (95572/sec), new interesting: 0 (total: 15)
fuzz: elapsed: 17m30s, execs: 101289353 (97300/sec), new interesting: 0 (total: 15)
fuzz: elapsed: 17m33s, execs: 101578840 (96510/sec), new interesting: 0 (total: 15)
fuzz: elapsed: 17m36s, execs: 101863326 (94826/sec), new interesting: 0 (total: 15)
fuzz: elapsed: 17m39s, execs: 102154677 (97119/sec), new interesting: 0 (total: 15)
fuzz: elapsed: 17m42s, execs: 102445995 (97099/sec), new interesting: 0 (total: 15)
fuzz: elapsed: 17m45s, execs: 102735340 (96455/sec), new interesting: 0 (total: 15)
fuzz: elapsed: 17m48s, execs: 103019610 (94694/sec), new interesting: 0 (total: 15)
fuzz: elapsed: 17m51s, execs: 103310776 (97119/sec), new interesting: 0 (total: 15)
fuzz: elapsed: 17m54s, execs: 103598725 (95984/sec), new interesting: 0 (total: 15)
fuzz: elapsed: 17m57s, execs: 103885161 (95478/sec), new interesting: 0 (total: 15)
fuzz: elapsed: 18m0s, execs: 104176825 (97216/sec), new interesting: 0 (total: 15)
fuzz: elapsed: 18m3s, execs: 104465892 (96347/sec), new interesting: 0 (total: 15)
fuzz: elapsed: 18m6s, execs: 104750303 (94754/sec), new interesting: 0 (total: 15)
fuzz: elapsed: 18m9s, execs: 105042113 (97335/sec), new interesting: 0 (total: 15)
fuzz: elapsed: 18m12s, execs: 105334357 (97415/sec), new interesting: 0 (total: 15)
fuzz: elapsed: 18m15s, execs: 105622018 (95887/sec), new interesting: 0 (total: 15)
fuzz: elapsed: 18m18s, execs: 105908911 (95614/sec), new interesting: 0 (total: 15)
fuzz: elapsed: 18m21s, execs: 106200121 (97087/sec), new interesting: 0 (total: 15)
fuzz: elapsed: 18m24s, execs: 106490080 (96653/sec), new interesting: 0 (total: 15)
fuzz: elapsed: 18m27s, execs: 106775129 (95016/sec), new interesting: 0 (total: 15)
fuzz: elapsed: 18m30s, execs: 107067152 (97277/sec), new interesting: 0 (total: 15)
fuzz: elapsed: 18m33s, execs: 107359624 (97502/sec), new interesting: 0 (total: 15)
fuzz: elapsed: 18m36s, execs: 107649301 (96611/sec), new interesting: 0 (total: 15)
fuzz: elapsed: 18m39s, execs: 107933493 (94731/sec), new interesting: 0 (total: 15)
fuzz: elapsed: 18m42s, execs: 108225418 (97250/sec), new interesting: 0 (total: 15)
fuzz: elapsed: 18m45s, execs: 108517661 (97473/sec), new interesting: 0 (total: 15)
fuzz: elapsed: 18m48s, execs: 108800016 (94118/sec), new interesting: 0 (total: 15)
fuzz: elapsed: 18m51s, execs: 109091109 (97032/sec), new interesting: 0 (total: 15)
fuzz: elapsed: 18m54s, execs: 109383151 (97346/sec), new interesting: 0 (total: 15)
fuzz: elapsed: 18m57s, execs: 109673237 (96695/sec), new interesting: 0 (total: 15)
fuzz: elapsed: 19m0s, execs: 109958432 (95065/sec), new interesting: 0 (total: 15)
fuzz: elapsed: 19m3s, execs: 110251058 (97542/sec), new interesting: 0 (total: 15)
fuzz: elapsed: 19m6s, execs: 110543727 (97556/sec), new interesting: 0 (total: 15)
fuzz: elapsed: 19m9s, execs: 110826537 (94271/sec), new interesting: 0 (total: 15)
fuzz: elapsed: 19m12s, execs: 111116825 (96762/sec), new interesting: 0 (total: 15)
fuzz: elapsed: 19m15s, execs: 111409610 (97595/sec), new interesting: 0 (total: 15)
fuzz: elapsed: 19m18s, execs: 111697085 (95826/sec), new interesting: 0 (total: 15)
fuzz: elapsed: 19m21s, execs: 111984871 (95864/sec), new interesting: 0 (total: 15)
fuzz: elapsed: 19m24s, execs: 112277344 (97491/sec), new interesting: 0 (total: 15)
fuzz: elapsed: 19m27s, execs: 112568200 (96951/sec), new interesting: 0 (total: 15)
fuzz: elapsed: 19m30s, execs: 112850016 (93940/sec), new interesting: 0 (total: 15)
fuzz: elapsed: 19m33s, execs: 113142593 (97566/sec), new interesting: 0 (total: 15)
fuzz: elapsed: 19m36s, execs: 113435105 (97529/sec), new interesting: 0 (total: 15)
fuzz: elapsed: 19m39s, execs: 113727741 (97531/sec), new interesting: 0 (total: 15)
fuzz: elapsed: 19m42s, execs: 114010866 (94373/sec), new interesting: 0 (total: 15)
fuzz: elapsed: 19m45s, execs: 114303891 (97692/sec), new interesting: 0 (total: 15)
fuzz: elapsed: 19m48s, execs: 114594110 (96739/sec), new interesting: 0 (total: 15)
fuzz: elapsed: 19m51s, execs: 114878562 (94761/sec), new interesting: 0 (total: 15)
fuzz: elapsed: 19m54s, execs: 115171132 (97572/sec), new interesting: 0 (total: 15)
fuzz: elapsed: 19m57s, execs: 115463779 (97558/sec), new interesting: 0 (total: 15)
fuzz: elapsed: 20m0s, execs: 115751773 (95999/sec), new interesting: 0 (total: 15)
fuzz: elapsed: 20m3s, execs: 116036806 (95011/sec), new interesting: 0 (total: 15)
fuzz: elapsed: 20m6s, execs: 116329255 (97484/sec), new interesting: 0 (total: 15)
fuzz: elapsed: 20m9s, execs: 116621612 (97406/sec), new interesting: 0 (total: 15)
fuzz: elapsed: 20m12s, execs: 116903779 (94098/sec), new interesting: 0 (total: 15)
fuzz: elapsed: 20m15s, execs: 117195865 (97299/sec), new interesting: 0 (total: 15)
fuzz: elapsed: 20m18s, execs: 117488326 (97552/sec), new interesting: 0 (total: 15)
fuzz: elapsed: 20m21s, execs: 117778662 (96771/sec), new interesting: 0 (total: 15)
fuzz: elapsed: 20m24s, execs: 118063998 (95108/sec), new interesting: 0 (total: 15)
fuzz: elapsed: 20m27s, execs: 118356627 (97555/sec), new interesting: 0 (total: 15)
fuzz: elapsed: 20m30s, execs: 118648700 (97357/sec), new interesting: 0 (total: 15)
fuzz: elapsed: 20m33s, execs: 118931552 (94284/sec), new interesting: 0 (total: 15)
fuzz: elapsed: 20m36s, execs: 119224071 (97450/sec), new interesting: 0 (total: 15)
fuzz: elapsed: 20m39s, execs: 119516657 (97567/sec), new interesting: 0 (total: 15)
fuzz: elapsed: 20m42s, execs: 119809422 (97606/sec), new interesting: 0 (total: 15)
fuzz: elapsed: 20m45s, execs: 120092139 (94174/sec), new interesting: 0 (total: 15)
fuzz: elapsed: 20m48s, execs: 120384904 (97656/sec), new interesting: 0 (total: 15)
fuzz: elapsed: 20m51s, execs: 120676961 (97294/sec), new interesting: 0 (total: 15)
fuzz: elapsed: 20m54s, execs: 120969653 (97621/sec), new interesting: 0 (total: 15)
fuzz: elapsed: 20m57s, execs: 121252958 (94373/sec), new interesting: 0 (total: 15)
fuzz: elapsed: 21m0s, execs: 121544245 (97160/sec), new interesting: 0 (total: 15)
fuzz: elapsed: 21m3s, execs: 121836617 (97457/sec), new interesting: 0 (total: 15)
fuzz: elapsed: 21m6s, execs: 122122025 (95077/sec), new interesting: 0 (total: 15)
fuzz: elapsed: 21m9s, execs: 122413207 (97122/sec), new interesting: 0 (total: 15)
fuzz: elapsed: 21m12s, execs: 122703611 (96802/sec), new interesting: 0 (total: 15)
fuzz: elapsed: 21m15s, execs: 122995971 (97453/sec), new interesting: 0 (total: 15)
fuzz: elapsed: 21m18s, execs: 123283296 (95776/sec), new interesting: 0 (total: 15)
fuzz: elapsed: 21m21s, execs: 123571495 (96066/sec), new interesting: 0 (total: 15)
fuzz: elapsed: 21m24s, execs: 123861551 (96685/sec), new interesting: 0 (total: 15)
fuzz: elapsed: 21m27s, execs: 124149035 (95828/sec), new interesting: 0 (total: 15)
fuzz: elapsed: 21m30s, execs: 124441559 (97509/sec), new interesting: 0 (total: 15)
fuzz: elapsed: 21m33s, execs: 124729071 (95837/sec), new interesting: 0 (total: 15)
fuzz: elapsed: 21m36s, execs: 125021396 (97442/sec), new interesting: 0 (total: 15)
fuzz: elapsed: 21m39s, execs: 125309239 (95948/sec), new interesting: 0 (total: 15)
fuzz: elapsed: 21m42s, execs: 125599572 (96777/sec), new interesting: 0 (total: 15)
fuzz: elapsed: 21m45s, execs: 125889281 (96570/sec), new interesting: 0 (total: 15)
fuzz: elapsed: 21m48s, execs: 126182299 (97673/sec), new interesting: 0 (total: 15)
fuzz: elapsed: 21m51s, execs: 126469736 (95812/sec), new interesting: 0 (total: 15)
fuzz: elapsed: 21m54s, execs: 126757904 (96056/sec), new interesting: 0 (total: 15)
fuzz: elapsed: 21m57s, execs: 127050492 (97529/sec), new interesting: 0 (total: 15)
fuzz: elapsed: 22m0s, execs: 127338241 (95916/sec), new interesting: 0 (total: 15)
fuzz: elapsed: 22m3s, execs: 127628058 (96605/sec), new interesting: 0 (total: 15)
fuzz: elapsed: 22m6s, execs: 127918203 (96715/sec), new interesting: 0 (total: 15)
fuzz: elapsed: 22m9s, execs: 128208411 (96737/sec), new interesting: 0 (total: 15)
fuzz: elapsed: 22m12s, execs: 128495580 (95724/sec), new interesting: 0 (total: 15)
fuzz: elapsed: 22m15s, execs: 128783001 (95788/sec), new interesting: 0 (total: 15)
fuzz: elapsed: 22m18s, execs: 129075360 (97472/sec), new interesting: 0 (total: 15)
fuzz: elapsed: 22m21s, execs: 129362993 (95876/sec), new interesting: 0 (total: 15)
fuzz: elapsed: 22m24s, execs: 129653356 (96789/sec), new interesting: 0 (total: 15)
fuzz: elapsed: 22m27s, execs: 129940214 (95556/sec), new interesting: 0 (total: 15)
fuzz: elapsed: 22m30s, execs: 130232719 (97566/sec), new interesting: 0 (total: 15)
fuzz: elapsed: 22m33s, execs: 130521511 (96265/sec), new interesting: 0 (total: 15)
fuzz: elapsed: 22m36s, execs: 130811829 (96772/sec), new interesting: 0 (total: 15)
fuzz: elapsed: 22m39s, execs: 131099319 (95830/sec), new interesting: 0 (total: 15)
fuzz: elapsed: 22m42s, execs: 131389367 (96684/sec), new interesting: 0 (total: 15)
fuzz: elapsed: 22m45s, execs: 131681751 (97461/sec), new interesting: 0 (total: 15)
fuzz: elapsed: 22m48s, execs: 131966706 (94985/sec), new interesting: 0 (total: 15)
fuzz: elapsed: 22m51s, execs: 132259103 (97466/sec), new interesting: 0 (total: 15)
fuzz: elapsed: 22m54s, execs: 132548820 (96572/sec), new interesting: 0 (total: 15)
fuzz: elapsed: 22m57s, execs: 132841445 (97541/sec), new interesting: 0 (total: 15)
fuzz: elapsed: 23m0s, execs: 133126368 (94968/sec), new interesting: 0 (total: 15)
fuzz: elapsed: 23m3s, execs: 133417649 (97100/sec), new interesting: 0 (total: 15)
fuzz: elapsed: 23m6s, execs: 133707412 (96587/sec), new interesting: 0 (total: 15)
fuzz: elapsed: 23m9s, execs: 133992468 (95019/sec), new interesting: 0 (total: 15)
fuzz: elapsed: 23m12s, execs: 134284796 (97437/sec), new interesting: 0 (total: 15)
fuzz: elapsed: 23m15s, execs: 134574714 (96644/sec), new interesting: 0 (total: 15)
fuzz: elapsed: 23m18s, execs: 134866853 (97380/sec), new interesting: 0 (total: 15)
fuzz: elapsed: 23m21s, execs: 135152140 (95079/sec), new interesting: 0 (total: 15)
fuzz: elapsed: 23m24s, execs: 135444570 (97430/sec), new interesting: 0 (total: 15)
fuzz: elapsed: 23m27s, execs: 135734529 (96718/sec), new interesting: 0 (total: 15)
fuzz: elapsed: 23m30s, execs: 136019190 (94823/sec), new interesting: 0 (total: 15)
fuzz: elapsed: 23m33s, execs: 136312448 (97817/sec), new interesting: 0 (total: 15)
fuzz: elapsed: 23m36s, execs: 136602153 (96569/sec), new interesting: 0 (total: 15)
fuzz: elapsed: 23m39s, execs: 136894033 (97294/sec), new interesting: 0 (total: 15)
fuzz: elapsed: 23m42s, execs: 137179530 (95165/sec), new interesting: 0 (total: 15)
fuzz: elapsed: 23m45s, execs: 137469472 (96643/sec), new interesting: 0 (total: 15)
fuzz: elapsed: 23m48s, execs: 137762253 (97599/sec), new interesting: 0 (total: 15)
fuzz: elapsed: 23m51s, execs: 138047078 (94878/sec), new interesting: 0 (total: 15)
fuzz: elapsed: 23m54s, execs: 138339800 (97580/sec), new interesting: 0 (total: 15)
fuzz: elapsed: 23m57s, execs: 138630077 (96815/sec), new interesting: 0 (total: 15)
fuzz: elapsed: 24m0s, execs: 138922691 (97541/sec), new interesting: 0 (total: 15)
fuzz: elapsed: 24m3s, execs: 139207984 (95097/sec), new interesting: 0 (total: 15)
fuzz: elapsed: 24m6s, execs: 139497905 (96634/sec), new interesting: 0 (total: 15)
fuzz: elapsed: 24m9s, execs: 139790605 (97550/sec), new interesting: 0 (total: 15)
fuzz: elapsed: 24m12s, execs: 140083309 (97588/sec), new interesting: 0 (total: 15)
fuzz: elapsed: 24m15s, execs: 140368367 (95023/sec), new interesting: 0 (total: 15)
fuzz: elapsed: 24m18s, execs: 140658545 (96662/sec), new interesting: 0 (total: 15)
fuzz: elapsed: 24m21s, execs: 140950975 (97541/sec), new interesting: 0 (total: 15)
fuzz: elapsed: 24m24s, execs: 141236483 (95168/sec), new interesting: 0 (total: 15)
fuzz: elapsed: 24m27s, execs: 141528767 (97430/sec), new interesting: 0 (total: 15)
fuzz: elapsed: 24m30s, execs: 141817102 (96112/sec), new interesting: 0 (total: 15)
fuzz: elapsed: 24m33s, execs: 142109396 (97408/sec), new interesting: 0 (total: 15)
fuzz: elapsed: 24m36s, execs: 142392267 (94313/sec), new interesting: 0 (total: 15)
fuzz: elapsed: 24m39s, execs: 142684895 (97536/sec), new interesting: 0 (total: 15)
fuzz: elapsed: 24m42s, execs: 142977448 (97459/sec), new interesting: 0 (total: 15)
fuzz: elapsed: 24m45s, execs: 143262553 (95093/sec), new interesting: 0 (total: 15)
fuzz: elapsed: 24m48s, execs: 143552833 (96759/sec), new interesting: 0 (total: 15)
fuzz: elapsed: 24m51s, execs: 143844469 (97216/sec), new interesting: 0 (total: 15)
fuzz: elapsed: 24m54s, execs: 144134992 (96845/sec), new interesting: 0 (total: 15)
fuzz: elapsed: 24m57s, execs: 144380179 (81728/sec), new interesting: 0 (total: 15)
fuzz: elapsed: 25m0s, execs: 144668917 (96247/sec), new interesting: 0 (total: 15)
fuzz: elapsed: 25m3s, execs: 144961633 (97507/sec), new interesting: 0 (total: 15)
fuzz: elapsed: 25m6s, execs: 145252017 (96859/sec), new interesting: 0 (total: 15)
fuzz: elapsed: 25m9s, execs: 145537899 (95294/sec), new interesting: 0 (total: 15)
fuzz: elapsed: 25m12s, execs: 145829742 (97259/sec), new interesting: 0 (total: 15)
fuzz: elapsed: 25m15s, execs: 146119400 (96543/sec), new interesting: 0 (total: 15)
fuzz: elapsed: 25m18s, execs: 146411583 (97427/sec), new interesting: 0 (total: 15)
fuzz: elapsed: 25m21s, execs: 146696832 (95082/sec), new interesting: 0 (total: 15)
fuzz: elapsed: 25m24s, execs: 146989443 (97531/sec), new interesting: 0 (total: 15)
fuzz: elapsed: 25m27s, execs: 147279845 (96807/sec), new interesting: 0 (total: 15)
fuzz: elapsed: 25m30s, execs: 147564783 (94945/sec), new interesting: 0 (total: 15)
fuzz: elapsed: 25m33s, execs: 147856253 (97192/sec), new interesting: 0 (total: 15)
fuzz: elapsed: 25m36s, execs: 148146377 (96708/sec), new interesting: 0 (total: 15)
fuzz: elapsed: 25m39s, execs: 148438849 (97491/sec), new interesting: 0 (total: 15)
fuzz: elapsed: 25m42s, execs: 148723811 (94987/sec), new interesting: 0 (total: 15)
fuzz: elapsed: 25m45s, execs: 149016477 (97553/sec), new interesting: 0 (total: 15)
fuzz: elapsed: 25m48s, execs: 149306378 (96636/sec), new interesting: 0 (total: 15)
fuzz: elapsed: 25m51s, execs: 149598690 (97435/sec), new interesting: 0 (total: 15)
fuzz: elapsed: 25m54s, execs: 149884623 (95250/sec), new interesting: 0 (total: 15)
fuzz: elapsed: 25m57s, execs: 150174486 (96661/sec), new interesting: 0 (total: 15)
fuzz: elapsed: 26m0s, execs: 150465754 (97113/sec), new interesting: 0 (total: 15)
fuzz: elapsed: 26m3s, execs: 150750942 (95063/sec), new interesting: 0 (total: 15)
fuzz: elapsed: 26m6s, execs: 151043091 (97383/sec), new interesting: 0 (total: 15)
fuzz: elapsed: 26m9s, execs: 151331415 (96108/sec), new interesting: 0 (total: 15)
fuzz: elapsed: 26m12s, execs: 151622745 (97110/sec), new interesting: 0 (total: 15)
fuzz: elapsed: 26m15s, execs: 151909961 (95739/sec), new interesting: 0 (total: 15)
fuzz: elapsed: 26m18s, execs: 152199881 (96640/sec), new interesting: 0 (total: 15)
fuzz: elapsed: 26m21s, execs: 152488215 (96111/sec), new interesting: 0 (total: 15)
fuzz: elapsed: 26m24s, execs: 152775295 (95685/sec), new interesting: 0 (total: 15)
fuzz: elapsed: 26m27s, execs: 153068047 (97528/sec), new interesting: 0 (total: 15)
fuzz: elapsed: 26m30s, execs: 153357392 (96512/sec), new interesting: 0 (total: 15)
fuzz: elapsed: 26m33s, execs: 153647344 (96651/sec), new interesting: 0 (total: 15)
fuzz: elapsed: 26m36s, execs: 153934373 (95677/sec), new interesting: 0 (total: 15)
fuzz: elapsed: 26m39s, execs: 154223981 (96536/sec), new interesting: 0 (total: 15)
fuzz: elapsed: 26m42s, execs: 154513496 (96505/sec), new interesting: 0 (total: 15)
fuzz: elapsed: 26m45s, execs: 154798621 (94979/sec), new interesting: 0 (total: 15)
fuzz: elapsed: 26m48s, execs: 155090556 (97311/sec), new interesting: 0 (total: 15)
fuzz: elapsed: 26m51s, execs: 155382124 (97254/sec), new interesting: 0 (total: 15)
fuzz: elapsed: 26m54s, execs: 155670805 (96227/sec), new interesting: 0 (total: 15)
fuzz: elapsed: 26m57s, execs: 155955080 (94758/sec), new interesting: 0 (total: 15)
fuzz: elapsed: 27m0s, execs: 156247387 (97371/sec), new interesting: 0 (total: 15)
fuzz: elapsed: 27m3s, execs: 156540037 (97615/sec), new interesting: 0 (total: 15)
fuzz: elapsed: 27m6s, execs: 156822834 (94203/sec), new interesting: 0 (total: 15)
fuzz: elapsed: 27m9s, execs: 157115119 (97489/sec), new interesting: 0 (total: 15)
fuzz: elapsed: 27m12s, execs: 157407600 (97498/sec), new interesting: 0 (total: 15)
fuzz: elapsed: 27m15s, execs: 157700076 (97492/sec), new interesting: 0 (total: 15)
fuzz: elapsed: 27m18s, execs: 157982708 (94148/sec), new interesting: 0 (total: 15)
fuzz: elapsed: 27m21s, execs: 158275469 (97652/sec), new interesting: 0 (total: 15)
fuzz: elapsed: 27m24s, execs: 158568088 (97475/sec), new interesting: 0 (total: 15)
fuzz: elapsed: 27m27s, execs: 158851040 (94380/sec), new interesting: 0 (total: 15)
fuzz: elapsed: 27m30s, execs: 159143279 (97413/sec), new interesting: 0 (total: 15)
fuzz: elapsed: 27m33s, execs: 159434859 (97138/sec), new interesting: 0 (total: 15)
fuzz: elapsed: 27m36s, execs: 159724674 (96660/sec), new interesting: 0 (total: 15)
fuzz: elapsed: 27m39s, execs: 160009146 (94809/sec), new interesting: 0 (total: 15)
fuzz: elapsed: 27m42s, execs: 160301169 (97292/sec), new interesting: 0 (total: 15)
fuzz: elapsed: 27m45s, execs: 160593548 (97524/sec), new interesting: 0 (total: 15)
fuzz: elapsed: 27m48s, execs: 160878384 (94944/sec), new interesting: 0 (total: 15)
fuzz: elapsed: 27m51s, execs: 161169290 (96971/sec), new interesting: 0 (total: 15)
fuzz: elapsed: 27m54s, execs: 161461648 (97452/sec), new interesting: 0 (total: 15)
fuzz: elapsed: 27m57s, execs: 161751353 (96538/sec), new interesting: 0 (total: 15)
fuzz: elapsed: 28m0s, execs: 162036568 (95101/sec), new interesting: 0 (total: 15)
fuzz: elapsed: 28m3s, execs: 162329142 (97461/sec), new interesting: 0 (total: 15)
fuzz: elapsed: 28m6s, execs: 162621728 (97591/sec), new interesting: 0 (total: 15)
fuzz: elapsed: 28m9s, execs: 162904790 (94294/sec), new interesting: 0 (total: 15)
fuzz: elapsed: 28m12s, execs: 163197206 (97536/sec), new interesting: 0 (total: 15)
fuzz: elapsed: 28m15s, execs: 163489844 (97547/sec), new interesting: 0 (total: 15)
fuzz: elapsed: 28m18s, execs: 163782552 (97554/sec), new interesting: 0 (total: 15)
fuzz: elapsed: 28m21s, execs: 164064344 (93883/sec), new interesting: 0 (total: 15)
fuzz: elapsed: 28m24s, execs: 164356857 (97569/sec), new interesting: 0 (total: 15)
fuzz: elapsed: 28m27s, execs: 164649555 (97566/sec), new interesting: 0 (total: 15)
fuzz: elapsed: 28m30s, execs: 164932389 (94215/sec), new interesting: 0 (total: 15)
fuzz: elapsed: 28m33s, execs: 165224836 (97545/sec), new interesting: 0 (total: 15)
fuzz: elapsed: 28m36s, execs: 165517378 (97517/sec), new interesting: 0 (total: 15)
fuzz: elapsed: 28m39s, execs: 165809947 (97488/sec), new interesting: 0 (total: 15)
fuzz: elapsed: 28m42s, execs: 166093158 (94437/sec), new interesting: 0 (total: 15)
fuzz: elapsed: 28m45s, execs: 166385728 (97524/sec), new interesting: 0 (total: 15)
fuzz: elapsed: 28m48s, execs: 166678264 (97512/sec), new interesting: 0 (total: 15)
fuzz: elapsed: 28m51s, execs: 166960877 (94142/sec), new interesting: 0 (total: 15)
fuzz: elapsed: 28m54s, execs: 167253744 (97622/sec), new interesting: 0 (total: 15)
fuzz: elapsed: 28m57s, execs: 167546255 (97569/sec), new interesting: 0 (total: 15)
fuzz: elapsed: 29m0s, execs: 167838564 (97437/sec), new interesting: 0 (total: 15)
fuzz: elapsed: 29m3s, execs: 168120951 (94108/sec), new interesting: 0 (total: 15)
fuzz: elapsed: 29m6s, execs: 168413443 (97519/sec), new interesting: 0 (total: 15)
fuzz: elapsed: 29m9s, execs: 168705647 (97337/sec), new interesting: 0 (total: 15)
fuzz: elapsed: 29m12s, execs: 168990528 (95024/sec), new interesting: 0 (total: 15)
fuzz: elapsed: 29m15s, execs: 169281132 (96863/sec), new interesting: 0 (total: 15)
fuzz: elapsed: 29m18s, execs: 169573687 (97524/sec), new interesting: 0 (total: 15)
fuzz: elapsed: 29m21s, execs: 169865887 (97399/sec), new interesting: 0 (total: 15)
fuzz: elapsed: 29m24s, execs: 170148735 (94283/sec), new interesting: 0 (total: 15)
fuzz: elapsed: 29m27s, execs: 170441774 (97667/sec), new interesting: 0 (total: 15)
fuzz: elapsed: 29m30s, execs: 170734247 (97504/sec), new interesting: 0 (total: 15)
fuzz: elapsed: 29m33s, execs: 171022139 (95964/sec), new interesting: 0 (total: 15)
fuzz: elapsed: 29m36s, execs: 171309812 (95891/sec), new interesting: 0 (total: 15)
fuzz: elapsed: 29m39s, execs: 171602135 (97427/sec), new interesting: 0 (total: 15)
fuzz: elapsed: 29m42s, execs: 171894218 (97375/sec), new interesting: 0 (total: 15)
fuzz: elapsed: 29m45s, execs: 172175474 (93752/sec), new interesting: 0 (total: 15)
fuzz: elapsed: 29m48s, execs: 172465736 (96696/sec), new interesting: 0 (total: 15)
fuzz: elapsed: 29m51s, execs: 172758371 (97603/sec), new interesting: 0 (total: 15)
fuzz: elapsed: 29m54s, execs: 173048159 (96595/sec), new interesting: 0 (total: 15)
fuzz: elapsed: 29m57s, execs: 173333766 (95181/sec), new interesting: 0 (total: 15)
fuzz: elapsed: 30m0s, execs: 173626174 (97492/sec), new interesting: 0 (total: 15)
fuzz: elapsed: 30m3s, execs: 173918482 (97436/sec), new interesting: 0 (total: 15)
fuzz: elapsed: 30m6s, execs: 174205835 (95785/sec), new interesting: 0 (total: 15)
fuzz: elapsed: 30m9s, execs: 174490224 (94733/sec), new interesting: 0 (total: 15)
fuzz: elapsed: 30m12s, execs: 174760279 (90074/sec), new interesting: 0 (total: 15)
fuzz: elapsed: 30m15s, execs: 175050280 (96672/sec), new interesting: 0 (total: 15)
fuzz: elapsed: 30m18s, execs: 175334941 (94887/sec), new interesting: 0 (total: 15)
fuzz: elapsed: 30m21s, execs: 175627228 (97365/sec), new interesting: 0 (total: 15)
fuzz: elapsed: 30m24s, execs: 175918322 (97095/sec), new interesting: 0 (total: 15)
fuzz: elapsed: 30m27s, execs: 176193110 (91596/sec), new interesting: 0 (total: 15)
fuzz: elapsed: 30m30s, execs: 176473544 (93468/sec), new interesting: 0 (total: 15)
fuzz: elapsed: 30m33s, execs: 176744396 (90271/sec), new interesting: 0 (total: 15)
fuzz: elapsed: 30m36s, execs: 176987689 (81117/sec), new interesting: 0 (total: 15)
fuzz: elapsed: 30m39s, execs: 177256392 (89558/sec), new interesting: 0 (total: 15)
fuzz: elapsed: 30m42s, execs: 177518451 (87362/sec), new interesting: 0 (total: 15)
fuzz: elapsed: 30m45s, execs: 177807722 (96424/sec), new interesting: 0 (total: 15)
fuzz: elapsed: 30m48s, execs: 178092715 (94998/sec), new interesting: 0 (total: 15)
fuzz: elapsed: 30m51s, execs: 178384921 (97402/sec), new interesting: 0 (total: 15)
fuzz: elapsed: 30m54s, execs: 178674985 (96688/sec), new interesting: 0 (total: 15)
fuzz: elapsed: 30m57s, execs: 178959561 (94859/sec), new interesting: 0 (total: 15)
fuzz: elapsed: 31m0s, execs: 179251452 (97296/sec), new interesting: 0 (total: 15)
fuzz: elapsed: 31m3s, execs: 179543814 (97454/sec), new interesting: 0 (total: 15)
fuzz: elapsed: 31m6s, execs: 179833018 (96402/sec), new interesting: 0 (total: 15)
fuzz: elapsed: 31m9s, execs: 180117769 (94854/sec), new interesting: 0 (total: 15)
fuzz: elapsed: 31m12s, execs: 180410135 (97515/sec), new interesting: 0 (total: 15)
fuzz: elapsed: 31m15s, execs: 180700009 (96629/sec), new interesting: 0 (total: 15)
fuzz: elapsed: 31m18s, execs: 180985687 (95226/sec), new interesting: 0 (total: 15)
fuzz: elapsed: 31m21s, execs: 181277944 (97419/sec), new interesting: 0 (total: 15)
fuzz: elapsed: 31m24s, execs: 181570495 (97517/sec), new interesting: 0 (total: 15)
fuzz: elapsed: 31m27s, execs: 181860592 (96699/sec), new interesting: 0 (total: 15)
fuzz: elapsed: 31m30s, execs: 182145826 (95078/sec), new interesting: 0 (total: 15)
fuzz: elapsed: 31m33s, execs: 182438558 (97577/sec), new interesting: 0 (total: 15)
fuzz: elapsed: 31m36s, execs: 182728549 (96665/sec), new interesting: 0 (total: 15)
fuzz: elapsed: 31m39s, execs: 183013621 (95023/sec), new interesting: 0 (total: 15)
fuzz: elapsed: 31m42s, execs: 183306245 (97477/sec), new interesting: 0 (total: 15)
fuzz: elapsed: 31m45s, execs: 183598811 (97586/sec), new interesting: 0 (total: 15)
fuzz: elapsed: 31m48s, execs: 183888904 (96698/sec), new interesting: 0 (total: 15)
fuzz: elapsed: 31m51s, execs: 184173640 (94849/sec), new interesting: 0 (total: 15)
fuzz: elapsed: 31m54s, execs: 184464244 (96932/sec), new interesting: 0 (total: 15)
fuzz: elapsed: 31m57s, execs: 184756914 (97557/sec), new interesting: 0 (total: 15)
fuzz: elapsed: 32m0s, execs: 185041812 (94933/sec), new interesting: 0 (total: 15)
fuzz: elapsed: 32m3s, execs: 185331693 (96660/sec), new interesting: 0 (total: 15)
fuzz: elapsed: 32m6s, execs: 185624340 (97485/sec), new interesting: 0 (total: 15)
fuzz: elapsed: 32m9s, execs: 185916822 (97558/sec), new interesting: 0 (total: 15)
fuzz: elapsed: 32m12s, execs: 186199551 (94240/sec), new interesting: 0 (total: 15)
fuzz: elapsed: 32m15s, execs: 186491830 (97389/sec), new interesting: 0 (total: 15)
fuzz: elapsed: 32m18s, execs: 186784361 (97551/sec), new interesting: 0 (total: 15)
fuzz: elapsed: 32m21s, execs: 187076929 (97522/sec), new interesting: 0 (total: 15)
fuzz: elapsed: 32m24s, execs: 187359003 (93962/sec), new interesting: 0 (total: 15)
fuzz: elapsed: 32m27s, execs: 187651160 (97451/sec), new interesting: 0 (total: 15)
fuzz: elapsed: 32m30s, execs: 187943305 (97326/sec), new interesting: 0 (total: 15)
fuzz: elapsed: 32m33s, execs: 188225893 (94215/sec), new interesting: 0 (total: 15)
fuzz: elapsed: 32m36s, execs: 188518489 (97503/sec), new interesting: 0 (total: 15)
fuzz: elapsed: 32m39s, execs: 188810981 (97527/sec), new interesting: 0 (total: 15)
fuzz: elapsed: 32m42s, execs: 189103464 (97494/sec), new interesting: 0 (total: 15)
fuzz: elapsed: 32m45s, execs: 189386052 (94167/sec), new interesting: 0 (total: 15)
fuzz: elapsed: 32m48s, execs: 189678922 (97688/sec), new interesting: 0 (total: 15)
fuzz: elapsed: 32m51s, execs: 189971227 (97435/sec), new interesting: 0 (total: 15)
fuzz: elapsed: 32m54s, execs: 190253999 (94194/sec), new interesting: 0 (total: 15)
fuzz: elapsed: 32m57s, execs: 190546450 (97547/sec), new interesting: 0 (total: 15)
fuzz: elapsed: 33m0s, execs: 190837920 (97094/sec), new interesting: 0 (total: 15)
fuzz: elapsed: 33m3s, execs: 191130322 (97532/sec), new interesting: 0 (total: 15)
fuzz: elapsed: 33m6s, execs: 191411346 (93612/sec), new interesting: 0 (total: 15)
fuzz: elapsed: 33m9s, execs: 191703677 (97509/sec), new interesting: 0 (total: 15)
fuzz: elapsed: 33m12s, execs: 191996360 (97561/sec), new interesting: 0 (total: 15)
fuzz: elapsed: 33m15s, execs: 192279184 (94275/sec), new interesting: 0 (total: 15)
fuzz: elapsed: 33m18s, execs: 192571501 (97439/sec), new interesting: 0 (total: 15)
fuzz: elapsed: 33m21s, execs: 192864166 (97555/sec), new interesting: 0 (total: 15)
fuzz: elapsed: 33m24s, execs: 193156831 (97555/sec), new interesting: 0 (total: 15)
fuzz: elapsed: 33m27s, execs: 193439860 (94280/sec), new interesting: 0 (total: 15)
fuzz: elapsed: 33m30s, execs: 193732270 (97534/sec), new interesting: 0 (total: 15)
fuzz: elapsed: 33m33s, execs: 194024587 (97376/sec), new interesting: 0 (total: 15)
fuzz: elapsed: 33m36s, execs: 194307050 (94216/sec), new interesting: 0 (total: 15)
fuzz: elapsed: 33m39s, execs: 194599400 (97446/sec), new interesting: 0 (total: 15)
fuzz: elapsed: 33m42s, execs: 194891936 (97516/sec), new interesting: 0 (total: 15)
fuzz: elapsed: 33m45s, execs: 195184515 (97526/sec), new interesting: 0 (total: 15)
fuzz: elapsed: 33m48s, execs: 195467160 (94203/sec), new interesting: 0 (total: 15)
fuzz: elapsed: 33m51s, execs: 195759177 (97309/sec), new interesting: 0 (total: 15)
fuzz: elapsed: 33m54s, execs: 196051739 (97562/sec), new interesting: 0 (total: 15)
fuzz: elapsed: 33m57s, execs: 196335033 (94431/sec), new interesting: 0 (total: 15)
fuzz: elapsed: 34m0s, execs: 196627169 (97378/sec), new interesting: 0 (total: 15)
fuzz: elapsed: 34m3s, execs: 196920038 (97624/sec), new interesting: 0 (total: 15)
fuzz: elapsed: 34m6s, execs: 197212719 (97560/sec), new interesting: 0 (total: 15)
fuzz: elapsed: 34m9s, execs: 197495414 (94225/sec), new interesting: 0 (total: 15)
fuzz: elapsed: 34m12s, execs: 197788018 (97542/sec), new interesting: 0 (total: 15)
fuzz: elapsed: 34m15s, execs: 198080160 (97381/sec), new interesting: 0 (total: 15)
fuzz: elapsed: 34m18s, execs: 198362218 (94020/sec), new interesting: 0 (total: 15)
fuzz: elapsed: 34m21s, execs: 198654649 (97477/sec), new interesting: 0 (total: 15)
fuzz: elapsed: 34m24s, execs: 198947000 (97451/sec), new interesting: 0 (total: 15)
fuzz: elapsed: 34m27s, execs: 199239099 (97367/sec), new interesting: 0 (total: 15)
fuzz: elapsed: 34m30s, execs: 199521471 (94118/sec), new interesting: 0 (total: 15)
fuzz: elapsed: 34m33s, execs: 199813870 (97407/sec), new interesting: 0 (total: 15)
fuzz: elapsed: 34m36s, execs: 200105858 (97394/sec), new interesting: 0 (total: 15)
fuzz: elapsed: 34m39s, execs: 200388606 (94187/sec), new interesting: 0 (total: 15)
fuzz: elapsed: 34m42s, execs: 200680926 (97440/sec), new interesting: 0 (total: 15)
fuzz: elapsed: 34m45s, execs: 200973217 (97495/sec), new interesting: 0 (total: 15)
fuzz: elapsed: 34m48s, execs: 201265794 (97526/sec), new interesting: 0 (total: 15)
fuzz: elapsed: 34m51s, execs: 201548637 (94245/sec), new interesting: 0 (total: 15)
fuzz: elapsed: 34m54s, execs: 201840658 (97313/sec), new interesting: 0 (total: 15)
fuzz: elapsed: 34m57s, execs: 202133472 (97669/sec), new interesting: 0 (total: 15)
fuzz: elapsed: 35m0s, execs: 202413796 (93442/sec), new interesting: 0 (total: 15)
fuzz: elapsed: 35m3s, execs: 202705917 (97374/sec), new interesting: 0 (total: 15)
fuzz: elapsed: 35m6s, execs: 202998427 (97503/sec), new interesting: 0 (total: 15)
fuzz: elapsed: 35m9s, execs: 203291125 (97566/sec), new interesting: 0 (total: 15)
fuzz: elapsed: 35m12s, execs: 203574771 (94549/sec), new interesting: 0 (total: 15)
fuzz: elapsed: 35m15s, execs: 203864892 (96707/sec), new interesting: 0 (total: 15)
fuzz: elapsed: 35m18s, execs: 204157499 (97536/sec), new interesting: 0 (total: 15)
fuzz: elapsed: 35m21s, execs: 204442848 (95053/sec), new interesting: 0 (total: 15)
fuzz: elapsed: 35m24s, execs: 204735245 (97530/sec), new interesting: 0 (total: 15)
fuzz: elapsed: 35m27s, execs: 205025104 (96620/sec), new interesting: 0 (total: 15)
fuzz: elapsed: 35m30s, execs: 205317614 (97504/sec), new interesting: 0 (total: 15)
fuzz: elapsed: 35m33s, execs: 205602984 (95123/sec), new interesting: 0 (total: 15)
fuzz: elapsed: 35m36s, execs: 205892103 (96362/sec), new interesting: 0 (total: 15)
fuzz: elapsed: 35m39s, execs: 206184694 (97541/sec), new interesting: 0 (total: 15)
fuzz: elapsed: 35m42s, execs: 206472450 (95919/sec), new interesting: 0 (total: 15)
fuzz: elapsed: 35m45s, execs: 206761996 (96452/sec), new interesting: 0 (total: 15)
fuzz: elapsed: 35m48s, execs: 207051465 (96552/sec), new interesting: 0 (total: 15)
fuzz: elapsed: 35m51s, execs: 207343924 (97488/sec), new interesting: 0 (total: 15)
fuzz: elapsed: 35m54s, execs: 207629418 (95165/sec), new interesting: 0 (total: 15)
fuzz: elapsed: 35m57s, execs: 207922046 (97542/sec), new interesting: 0 (total: 15)
fuzz: elapsed: 36m0s, execs: 208212036 (96663/sec), new interesting: 0 (total: 15)
fuzz: elapsed: 36m3s, execs: 208504648 (97537/sec), new interesting: 0 (total: 15)
fuzz: elapsed: 36m6s, execs: 208790104 (95153/sec), new interesting: 0 (total: 15)
fuzz: elapsed: 36m9s, execs: 209080234 (96672/sec), new interesting: 0 (total: 15)
fuzz: elapsed: 36m12s, execs: 209372965 (97616/sec), new interesting: 0 (total: 15)
fuzz: elapsed: 36m15s, execs: 209658164 (95055/sec), new interesting: 0 (total: 15)
fuzz: elapsed: 36m18s, execs: 209950538 (97469/sec), new interesting: 0 (total: 15)
fuzz: elapsed: 36m21s, execs: 210240564 (96676/sec), new interesting: 0 (total: 15)
fuzz: elapsed: 36m24s, execs: 210533158 (97531/sec), new interesting: 0 (total: 15)
fuzz: elapsed: 36m27s, execs: 210817964 (94935/sec), new interesting: 0 (total: 15)
fuzz: elapsed: 36m30s, execs: 211108101 (96648/sec), new interesting: 0 (total: 15)
fuzz: elapsed: 36m33s, execs: 211400533 (97477/sec), new interesting: 0 (total: 15)
fuzz: elapsed: 36m36s, execs: 211692681 (97448/sec), new interesting: 0 (total: 15)
fuzz: elapsed: 36m39s, execs: 211976532 (94617/sec), new interesting: 0 (total: 15)
fuzz: elapsed: 36m42s, execs: 212263964 (95810/sec), new interesting: 0 (total: 15)
fuzz: elapsed: 36m45s, execs: 212556487 (97508/sec), new interesting: 0 (total: 15)
fuzz: elapsed: 36m48s, execs: 212841751 (95087/sec), new interesting: 0 (total: 15)
fuzz: elapsed: 36m51s, execs: 213131664 (96638/sec), new interesting: 0 (total: 15)
fuzz: elapsed: 36m54s, execs: 213424170 (97502/sec), new interesting: 0 (total: 15)
fuzz: elapsed: 36m57s, execs: 213716633 (97488/sec), new interesting: 0 (total: 15)
fuzz: elapsed: 37m0s, execs: 213999648 (94338/sec), new interesting: 0 (total: 15)
fuzz: elapsed: 37m3s, execs: 214289772 (96708/sec), new interesting: 0 (total: 15)
fuzz: elapsed: 37m6s, execs: 214582348 (97526/sec), new interesting: 0 (total: 15)
fuzz: elapsed: 37m9s, execs: 214867294 (94981/sec), new interesting: 0 (total: 15)
fuzz: elapsed: 37m12s, execs: 215159615 (97441/sec), new interesting: 0 (total: 15)
fuzz: elapsed: 37m15s, execs: 215449940 (96775/sec), new interesting: 0 (total: 15)
fuzz: elapsed: 37m18s, execs: 215742620 (97560/sec), new interesting: 0 (total: 15)
fuzz: elapsed: 37m21s, execs: 216028461 (95280/sec), new interesting: 0 (total: 15)
fuzz: elapsed: 37m24s, execs: 216318644 (96728/sec), new interesting: 0 (total: 15)
fuzz: elapsed: 37m27s, execs: 216610808 (97388/sec), new interesting: 0 (total: 15)
fuzz: elapsed: 37m30s, execs: 216902641 (97277/sec), new interesting: 0 (total: 15)
fuzz: elapsed: 37m33s, execs: 217188399 (95253/sec), new interesting: 0 (total: 15)
fuzz: elapsed: 37m36s, execs: 217478554 (96707/sec), new interesting: 0 (total: 15)
fuzz: elapsed: 37m39s, execs: 217771109 (97529/sec), new interesting: 0 (total: 15)
fuzz: elapsed: 37m42s, execs: 218056265 (95053/sec), new interesting: 0 (total: 15)
fuzz: elapsed: 37m45s, execs: 218346482 (96738/sec), new interesting: 0 (total: 15)
fuzz: elapsed: 37m48s, execs: 218638633 (97383/sec), new interesting: 0 (total: 15)
fuzz: elapsed: 37m51s, execs: 218931040 (97469/sec), new interesting: 0 (total: 15)
fuzz: elapsed: 37m54s, execs: 219216174 (94981/sec), new interesting: 0 (total: 15)
fuzz: elapsed: 37m57s, execs: 219506451 (96763/sec), new interesting: 0 (total: 15)
fuzz: elapsed: 38m0s, execs: 219798631 (97454/sec), new interesting: 0 (total: 15)
fuzz: elapsed: 38m3s, execs: 220083498 (94956/sec), new interesting: 0 (total: 15)
fuzz: elapsed: 38m6s, execs: 220376384 (97628/sec), new interesting: 0 (total: 15)
fuzz: elapsed: 38m9s, execs: 220666649 (96752/sec), new interesting: 0 (total: 15)
fuzz: elapsed: 38m12s, execs: 220959133 (97499/sec), new interesting: 0 (total: 15)
fuzz: elapsed: 38m15s, execs: 221244534 (95095/sec), new interesting: 0 (total: 15)
fuzz: elapsed: 38m18s, execs: 221534646 (96741/sec), new interesting: 0 (total: 15)
fuzz: elapsed: 38m21s, execs: 221827076 (97478/sec), new interesting: 0 (total: 15)
fuzz: elapsed: 38m24s, execs: 222117315 (96746/sec), new interesting: 0 (total: 15)
fuzz: elapsed: 38m27s, execs: 222404616 (95767/sec), new interesting: 0 (total: 15)
fuzz: elapsed: 38m30s, execs: 222694331 (96507/sec), new interesting: 0 (total: 15)
fuzz: elapsed: 38m33s, execs: 222986841 (97503/sec), new interesting: 0 (total: 15)
fuzz: elapsed: 38m36s, execs: 223271761 (94973/sec), new interesting: 0 (total: 15)
fuzz: elapsed: 38m39s, execs: 223561510 (96634/sec), new interesting: 0 (total: 15)
fuzz: elapsed: 38m42s, execs: 223854192 (97575/sec), new interesting: 0 (total: 15)
fuzz: elapsed: 38m45s, execs: 224146554 (97417/sec), new interesting: 0 (total: 15)
fuzz: elapsed: 38m48s, execs: 224432154 (95172/sec), new interesting: 0 (total: 15)
fuzz: elapsed: 38m51s, execs: 224721687 (96570/sec), new interesting: 0 (total: 15)
fuzz: elapsed: 38m54s, execs: 225013683 (97330/sec), new interesting: 0 (total: 15)
fuzz: elapsed: 38m57s, execs: 225301070 (95802/sec), new interesting: 0 (total: 15)
fuzz: elapsed: 39m0s, execs: 225591163 (96698/sec), new interesting: 0 (total: 15)
fuzz: elapsed: 39m3s, execs: 225881187 (96674/sec), new interesting: 0 (total: 15)
fuzz: elapsed: 39m6s, execs: 226173868 (97560/sec), new interesting: 0 (total: 15)
fuzz: elapsed: 39m9s, execs: 226458919 (95017/sec), new interesting: 0 (total: 15)
fuzz: elapsed: 39m12s, execs: 226748824 (96572/sec), new interesting: 0 (total: 15)
fuzz: elapsed: 39m15s, execs: 227041389 (97585/sec), new interesting: 0 (total: 15)
fuzz: elapsed: 39m18s, execs: 227333926 (97512/sec), new interesting: 0 (total: 15)
fuzz: elapsed: 39m21s, execs: 227618917 (94997/sec), new interesting: 0 (total: 15)
fuzz: elapsed: 39m24s, execs: 227909331 (96805/sec), new interesting: 0 (total: 15)
fuzz: elapsed: 39m27s, execs: 228201805 (97491/sec), new interesting: 0 (total: 15)
fuzz: elapsed: 39m30s, execs: 228489772 (95989/sec), new interesting: 0 (total: 15)
fuzz: elapsed: 39m33s, execs: 228777567 (95932/sec), new interesting: 0 (total: 15)
fuzz: elapsed: 39m36s, execs: 229070147 (97482/sec), new interesting: 0 (total: 15)
fuzz: elapsed: 39m39s, execs: 229362592 (97526/sec), new interesting: 0 (total: 15)
fuzz: elapsed: 39m42s, execs: 229646751 (94720/sec), new interesting: 0 (total: 15)
fuzz: elapsed: 39m45s, execs: 229939119 (97455/sec), new interesting: 0 (total: 15)
fuzz: elapsed: 39m48s, execs: 230229237 (96706/sec), new interesting: 0 (total: 15)
fuzz: elapsed: 39m51s, execs: 230512582 (94449/sec), new interesting: 0 (total: 15)
fuzz: elapsed: 39m54s, execs: 230796172 (94527/sec), new interesting: 0 (total: 15)
fuzz: elapsed: 39m57s, execs: 231086383 (96736/sec), new interesting: 0 (total: 15)
fuzz: elapsed: 40m0s, execs: 231332692 (82106/sec), new interesting: 0 (total: 15)
fuzz: elapsed: 40m3s, execs: 231612168 (93158/sec), new interesting: 0 (total: 15)
fuzz: elapsed: 40m6s, execs: 231902625 (96819/sec), new interesting: 0 (total: 15)
fuzz: elapsed: 40m9s, execs: 232191161 (96115/sec), new interesting: 0 (total: 15)
fuzz: elapsed: 40m12s, execs: 232468146 (92389/sec), new interesting: 0 (total: 15)
fuzz: elapsed: 40m15s, execs: 232755596 (95817/sec), new interesting: 0 (total: 15)
fuzz: elapsed: 40m18s, execs: 233038534 (94280/sec), new interesting: 0 (total: 15)
fuzz: elapsed: 40m21s, execs: 233319603 (93723/sec), new interesting: 0 (total: 15)
fuzz: elapsed: 40m24s, execs: 233596705 (92367/sec), new interesting: 0 (total: 15)
fuzz: elapsed: 40m27s, execs: 233883912 (95729/sec), new interesting: 0 (total: 15)
fuzz: elapsed: 40m30s, execs: 234172934 (96348/sec), new interesting: 0 (total: 15)
fuzz: elapsed: 40m33s, execs: 234455898 (94322/sec), new interesting: 0 (total: 15)
fuzz: elapsed: 40m36s, execs: 234745498 (96469/sec), new interesting: 0 (total: 15)
fuzz: elapsed: 40m39s, execs: 235035922 (96873/sec), new interesting: 0 (total: 15)
fuzz: elapsed: 40m42s, execs: 235327842 (97306/sec), new interesting: 0 (total: 15)
fuzz: elapsed: 40m45s, execs: 235610353 (94170/sec), new interesting: 0 (total: 15)
fuzz: elapsed: 40m48s, execs: 235899869 (96442/sec), new interesting: 0 (total: 15)
fuzz: elapsed: 40m51s, execs: 236190723 (97016/sec), new interesting: 0 (total: 15)
fuzz: elapsed: 40m54s, execs: 236473612 (94237/sec), new interesting: 0 (total: 15)
fuzz: elapsed: 40m57s, execs: 236762638 (96390/sec), new interesting: 0 (total: 15)
fuzz: elapsed: 41m0s, execs: 237054566 (97311/sec), new interesting: 0 (total: 15)
fuzz: elapsed: 41m3s, execs: 237339989 (95153/sec), new interesting: 0 (total: 15)
fuzz: elapsed: 41m6s, execs: 237627604 (95863/sec), new interesting: 0 (total: 15)
fuzz: elapsed: 41m9s, execs: 237920315 (97514/sec), new interesting: 0 (total: 15)
fuzz: elapsed: 41m12s, execs: 238213013 (97631/sec), new interesting: 0 (total: 15)
fuzz: elapsed: 41m15s, execs: 238500755 (95909/sec), new interesting: 0 (total: 15)
fuzz: elapsed: 41m18s, execs: 238788754 (95972/sec), new interesting: 0 (total: 15)
fuzz: elapsed: 41m21s, execs: 239081159 (97485/sec), new interesting: 0 (total: 15)
fuzz: elapsed: 41m24s, execs: 239373726 (97539/sec), new interesting: 0 (total: 15)
fuzz: elapsed: 41m27s, execs: 239659396 (95223/sec), new interesting: 0 (total: 15)
fuzz: elapsed: 41m30s, execs: 239949669 (96694/sec), new interesting: 0 (total: 15)
fuzz: elapsed: 41m33s, execs: 240242369 (97631/sec), new interesting: 0 (total: 15)
fuzz: elapsed: 41m36s, execs: 240529946 (95859/sec), new interesting: 0 (total: 15)
fuzz: elapsed: 41m39s, execs: 240818057 (96022/sec), new interesting: 0 (total: 15)
fuzz: elapsed: 41m42s, execs: 241110604 (97531/sec), new interesting: 0 (total: 15)
fuzz: elapsed: 41m45s, execs: 241402514 (97303/sec), new interesting: 0 (total: 15)
fuzz: elapsed: 41m48s, execs: 241687826 (95100/sec), new interesting: 0 (total: 15)
fuzz: elapsed: 41m51s, execs: 241977513 (96559/sec), new interesting: 0 (total: 15)
fuzz: elapsed: 41m54s, execs: 242270054 (97521/sec), new interesting: 0 (total: 15)
fuzz: elapsed: 41m57s, execs: 242562313 (97420/sec), new interesting: 0 (total: 15)
fuzz: elapsed: 42m0s, execs: 242844717 (94097/sec), new interesting: 0 (total: 15)
fuzz: elapsed: 42m3s, execs: 243137264 (97552/sec), new interesting: 0 (total: 15)
fuzz: elapsed: 42m6s, execs: 243429786 (97509/sec), new interesting: 0 (total: 15)
fuzz: elapsed: 42m9s, execs: 243716679 (95632/sec), new interesting: 0 (total: 15)
fuzz: elapsed: 42m12s, execs: 244003991 (95771/sec), new interesting: 0 (total: 15)
fuzz: elapsed: 42m15s, execs: 244296720 (97512/sec), new interesting: 0 (total: 15)
fuzz: elapsed: 42m18s, execs: 244589136 (97507/sec), new interesting: 0 (total: 15)
fuzz: elapsed: 42m21s, execs: 244872196 (94379/sec), new interesting: 0 (total: 15)
fuzz: elapsed: 42m24s, execs: 245164871 (97516/sec), new interesting: 0 (total: 15)
fuzz: elapsed: 42m27s, execs: 245457295 (97485/sec), new interesting: 0 (total: 15)
fuzz: elapsed: 42m30s, execs: 245744406 (95739/sec), new interesting: 0 (total: 15)
fuzz: elapsed: 42m33s, execs: 246031951 (95793/sec), new interesting: 0 (total: 15)
fuzz: elapsed: 42m36s, execs: 246324652 (97623/sec), new interesting: 0 (total: 15)
fuzz: elapsed: 42m39s, execs: 246617326 (97541/sec), new interesting: 0 (total: 15)
fuzz: elapsed: 42m42s, execs: 246900067 (94235/sec), new interesting: 0 (total: 15)
fuzz: elapsed: 42m45s, execs: 247192746 (97523/sec), new interesting: 0 (total: 15)
fuzz: elapsed: 42m48s, execs: 247485420 (97623/sec), new interesting: 0 (total: 15)
fuzz: elapsed: 42m51s, execs: 247776648 (97077/sec), new interesting: 0 (total: 15)
fuzz: elapsed: 42m54s, execs: 248062464 (95208/sec), new interesting: 0 (total: 15)
fuzz: elapsed: 42m57s, execs: 248355249 (97658/sec), new interesting: 0 (total: 15)
fuzz: elapsed: 43m0s, execs: 248645103 (96576/sec), new interesting: 0 (total: 15)
fuzz: elapsed: 43m3s, execs: 248930518 (95181/sec), new interesting: 0 (total: 15)
fuzz: elapsed: 43m6s, execs: 249222482 (97295/sec), new interesting: 0 (total: 15)
fuzz: elapsed: 43m9s, execs: 249513400 (96999/sec), new interesting: 0 (total: 15)
fuzz: elapsed: 43m12s, execs: 249802512 (96335/sec), new interesting: 0 (total: 15)
fuzz: elapsed: 43m15s, execs: 250087542 (95024/sec), new interesting: 0 (total: 15)
fuzz: elapsed: 43m18s, execs: 250378987 (97147/sec), new interesting: 0 (total: 15)
fuzz: elapsed: 43m21s, execs: 250669153 (96681/sec), new interesting: 0 (total: 15)
fuzz: elapsed: 43m24s, execs: 250954624 (95194/sec), new interesting: 0 (total: 15)
fuzz: elapsed: 43m27s, execs: 251247510 (97642/sec), new interesting: 0 (total: 15)
fuzz: elapsed: 43m30s, execs: 251540077 (97516/sec), new interesting: 0 (total: 15)
fuzz: elapsed: 43m33s, execs: 251830479 (96821/sec), new interesting: 0 (total: 15)
fuzz: elapsed: 43m36s, execs: 252116086 (95139/sec), new interesting: 0 (total: 15)
fuzz: elapsed: 43m39s, execs: 252408551 (97553/sec), new interesting: 0 (total: 15)
fuzz: elapsed: 43m42s, execs: 252699233 (96829/sec), new interesting: 0 (total: 15)
fuzz: elapsed: 43m45s, execs: 252984596 (95173/sec), new interesting: 0 (total: 15)
fuzz: elapsed: 43m48s, execs: 253277272 (97566/sec), new interesting: 0 (total: 15)
fuzz: elapsed: 43m51s, execs: 253569840 (97524/sec), new interesting: 0 (total: 15)
fuzz: elapsed: 43m54s, execs: 253860130 (96766/sec), new interesting: 0 (total: 15)
fuzz: elapsed: 43m57s, execs: 254145460 (95110/sec), new interesting: 0 (total: 15)
fuzz: elapsed: 44m0s, execs: 254438176 (97553/sec), new interesting: 0 (total: 15)
fuzz: elapsed: 44m3s, execs: 254730948 (97577/sec), new interesting: 0 (total: 15)
fuzz: elapsed: 44m6s, execs: 255014149 (94409/sec), new interesting: 0 (total: 15)
fuzz: elapsed: 44m9s, execs: 255306884 (97537/sec), new interesting: 0 (total: 15)
fuzz: elapsed: 44m12s, execs: 255599669 (97660/sec), new interesting: 0 (total: 15)
fuzz: elapsed: 44m15s, execs: 255890222 (96851/sec), new interesting: 0 (total: 15)
fuzz: elapsed: 44m18s, execs: 256175698 (95158/sec), new interesting: 0 (total: 15)
fuzz: elapsed: 44m21s, execs: 256468321 (97541/sec), new interesting: 0 (total: 15)
fuzz: elapsed: 44m24s, execs: 256761036 (97556/sec), new interesting: 0 (total: 15)
fuzz: elapsed: 44m27s, execs: 257051252 (96754/sec), new interesting: 0 (total: 15)
fuzz: elapsed: 44m30s, execs: 257336275 (94945/sec), new interesting: 0 (total: 15)
fuzz: elapsed: 44m33s, execs: 257628883 (97600/sec), new interesting: 0 (total: 15)
fuzz: elapsed: 44m36s, execs: 257921756 (97579/sec), new interesting: 0 (total: 15)
fuzz: elapsed: 44m39s, execs: 258204389 (94192/sec), new interesting: 0 (total: 15)
fuzz: elapsed: 44m42s, execs: 258497106 (97582/sec), new interesting: 0 (total: 15)
fuzz: elapsed: 44m45s, execs: 258789722 (97595/sec), new interesting: 0 (total: 15)
fuzz: elapsed: 44m48s, execs: 259079809 (96689/sec), new interesting: 0 (total: 15)
fuzz: elapsed: 44m51s, execs: 259365564 (95204/sec), new interesting: 0 (total: 15)
fuzz: elapsed: 44m54s, execs: 259658135 (97524/sec), new interesting: 0 (total: 15)
fuzz: elapsed: 44m57s, execs: 259950535 (97522/sec), new interesting: 0 (total: 15)
fuzz: elapsed: 45m0s, execs: 260233535 (94280/sec), new interesting: 0 (total: 15)
fuzz: elapsed: 45m3s, execs: 260526332 (97599/sec), new interesting: 0 (total: 15)
fuzz: elapsed: 45m6s, execs: 260819165 (97609/sec), new interesting: 0 (total: 15)
fuzz: elapsed: 45m9s, execs: 261111798 (97602/sec), new interesting: 0 (total: 15)
fuzz: elapsed: 45m12s, execs: 261394141 (94052/sec), new interesting: 0 (total: 15)
fuzz: elapsed: 45m15s, execs: 261686711 (97522/sec), new interesting: 0 (total: 15)
fuzz: elapsed: 45m18s, execs: 261979126 (97507/sec), new interesting: 0 (total: 15)
fuzz: elapsed: 45m21s, execs: 262261845 (94252/sec), new interesting: 0 (total: 15)
fuzz: elapsed: 45m24s, execs: 262552717 (96976/sec), new interesting: 0 (total: 15)
fuzz: elapsed: 45m27s, execs: 262845595 (97577/sec), new interesting: 0 (total: 15)
fuzz: elapsed: 45m30s, execs: 263138192 (97581/sec), new interesting: 0 (total: 15)
fuzz: elapsed: 45m33s, execs: 263421555 (94454/sec), new interesting: 0 (total: 15)
fuzz: elapsed: 45m36s, execs: 263714550 (97630/sec), new interesting: 0 (total: 15)
fuzz: elapsed: 45m39s, execs: 264007150 (97569/sec), new interesting: 0 (total: 15)
fuzz: elapsed: 45m42s, execs: 264286465 (93083/sec), new interesting: 0 (total: 15)
fuzz: elapsed: 45m45s, execs: 264578333 (97305/sec), new interesting: 0 (total: 15)
fuzz: elapsed: 45m48s, execs: 264870715 (97468/sec), new interesting: 0 (total: 15)
fuzz: elapsed: 45m51s, execs: 265163128 (97472/sec), new interesting: 0 (total: 15)
fuzz: elapsed: 45m54s, execs: 265445454 (94045/sec), new interesting: 0 (total: 15)
fuzz: elapsed: 45m57s, execs: 265737999 (97578/sec), new interesting: 0 (total: 15)
fuzz: elapsed: 46m0s, execs: 266030651 (97487/sec), new interesting: 0 (total: 15)
fuzz: elapsed: 46m3s, execs: 266313499 (94347/sec), new interesting: 0 (total: 15)
fuzz: elapsed: 46m6s, execs: 266605895 (97400/sec), new interesting: 0 (total: 15)
fuzz: elapsed: 46m9s, execs: 266898241 (97449/sec), new interesting: 0 (total: 15)
fuzz: elapsed: 46m12s, execs: 267181226 (94379/sec), new interesting: 0 (total: 15)
fuzz: elapsed: 46m15s, execs: 267473968 (97528/sec), new interesting: 0 (total: 15)
fuzz: elapsed: 46m18s, execs: 267766652 (97561/sec), new interesting: 0 (total: 15)
fuzz: elapsed: 46m21s, execs: 268059437 (97636/sec), new interesting: 0 (total: 15)
fuzz: elapsed: 46m24s, execs: 268342140 (94246/sec), new interesting: 0 (total: 15)
fuzz: elapsed: 46m27s, execs: 268634726 (97541/sec), new interesting: 0 (total: 15)
fuzz: elapsed: 46m30s, execs: 268927777 (97684/sec), new interesting: 0 (total: 15)
fuzz: elapsed: 46m33s, execs: 269209540 (93920/sec), new interesting: 0 (total: 15)
fuzz: elapsed: 46m36s, execs: 269502294 (97521/sec), new interesting: 0 (total: 15)
fuzz: elapsed: 46m39s, execs: 269794846 (97582/sec), new interesting: 0 (total: 15)
fuzz: elapsed: 46m42s, execs: 270084846 (96667/sec), new interesting: 0 (total: 15)
fuzz: elapsed: 46m45s, execs: 270369181 (94777/sec), new interesting: 0 (total: 15)
fuzz: elapsed: 46m48s, execs: 270661535 (97453/sec), new interesting: 0 (total: 15)
fuzz: elapsed: 46m51s, execs: 270952755 (97073/sec), new interesting: 0 (total: 15)
fuzz: elapsed: 46m54s, execs: 271240642 (95900/sec), new interesting: 0 (total: 15)
fuzz: elapsed: 46m57s, execs: 271530902 (96815/sec), new interesting: 0 (total: 15)
fuzz: elapsed: 47m0s, execs: 271821096 (96688/sec), new interesting: 0 (total: 15)
fuzz: elapsed: 47m3s, execs: 272113844 (97627/sec), new interesting: 0 (total: 15)
fuzz: elapsed: 47m6s, execs: 272399489 (95215/sec), new interesting: 0 (total: 15)
fuzz: elapsed: 47m9s, execs: 272692200 (97564/sec), new interesting: 0 (total: 15)
fuzz: elapsed: 47m12s, execs: 272982092 (96637/sec), new interesting: 0 (total: 15)
fuzz: elapsed: 47m15s, execs: 273272326 (96744/sec), new interesting: 0 (total: 15)
fuzz: elapsed: 47m18s, execs: 273559840 (95838/sec), new interesting: 0 (total: 15)
fuzz: elapsed: 47m21s, execs: 273849718 (96626/sec), new interesting: 0 (total: 15)
fuzz: elapsed: 47m24s, execs: 274142311 (97531/sec), new interesting: 0 (total: 15)
fuzz: elapsed: 47m27s, execs: 274429821 (95837/sec), new interesting: 0 (total: 15)
fuzz: elapsed: 47m30s, execs: 274717656 (95944/sec), new interesting: 0 (total: 15)
fuzz: elapsed: 47m33s, execs: 275008513 (96888/sec), new interesting: 0 (total: 15)
fuzz: elapsed: 47m36s, execs: 275296415 (96031/sec), new interesting: 0 (total: 15)
fuzz: elapsed: 47m39s, execs: 275586170 (96534/sec), new interesting: 0 (total: 15)
fuzz: elapsed: 47m42s, execs: 275875865 (96614/sec), new interesting: 0 (total: 15)
fuzz: elapsed: 47m45s, execs: 276168423 (97490/sec), new interesting: 0 (total: 15)
fuzz: elapsed: 47m48s, execs: 276454083 (95241/sec), new interesting: 0 (total: 15)
fuzz: elapsed: 47m51s, execs: 276746314 (97421/sec), new interesting: 0 (total: 15)
fuzz: elapsed: 47m54s, execs: 277036438 (96644/sec), new interesting: 0 (total: 15)
fuzz: elapsed: 47m57s, execs: 277326416 (96724/sec), new interesting: 0 (total: 15)
fuzz: elapsed: 48m0s, execs: 277613882 (95790/sec), new interesting: 0 (total: 15)
fuzz: elapsed: 48m3s, execs: 277906543 (97582/sec), new interesting: 0 (total: 15)
fuzz: elapsed: 48m6s, execs: 278196817 (96752/sec), new interesting: 0 (total: 15)
fuzz: elapsed: 48m9s, execs: 278484631 (95948/sec), new interesting: 0 (total: 15)
fuzz: elapsed: 48m12s, execs: 278775123 (96830/sec), new interesting: 0 (total: 15)
fuzz: elapsed: 48m15s, execs: 279065332 (96733/sec), new interesting: 0 (total: 15)
fuzz: elapsed: 48m18s, execs: 279357864 (97514/sec), new interesting: 0 (total: 15)
fuzz: elapsed: 48m21s, execs: 279643497 (95211/sec), new interesting: 0 (total: 15)
fuzz: elapsed: 48m24s, execs: 279936206 (97526/sec), new interesting: 0 (total: 15)
fuzz: elapsed: 48m27s, execs: 280226706 (96866/sec), new interesting: 0 (total: 15)
fuzz: elapsed: 48m30s, execs: 280516078 (96464/sec), new interesting: 0 (total: 15)
fuzz: elapsed: 48m33s, execs: 280803653 (95855/sec), new interesting: 0 (total: 15)
fuzz: elapsed: 48m36s, execs: 281096341 (97570/sec), new interesting: 0 (total: 15)
fuzz: elapsed: 48m39s, execs: 281385776 (96479/sec), new interesting: 0 (total: 15)
fuzz: elapsed: 48m42s, execs: 281673394 (95872/sec), new interesting: 0 (total: 15)
fuzz: elapsed: 48m45s, execs: 281963631 (96744/sec), new interesting: 0 (total: 15)
fuzz: elapsed: 48m48s, execs: 282253680 (96621/sec), new interesting: 0 (total: 15)
fuzz: elapsed: 48m51s, execs: 282542564 (96341/sec), new interesting: 0 (total: 15)
fuzz: elapsed: 48m54s, execs: 282833062 (96850/sec), new interesting: 0 (total: 15)
fuzz: elapsed: 48m57s, execs: 283123612 (96850/sec), new interesting: 0 (total: 15)
fuzz: elapsed: 49m0s, execs: 283414158 (96840/sec), new interesting: 0 (total: 15)
fuzz: elapsed: 49m3s, execs: 283704340 (96735/sec), new interesting: 0 (total: 15)
fuzz: elapsed: 49m6s, execs: 283994308 (96656/sec), new interesting: 0 (total: 15)
fuzz: elapsed: 49m9s, execs: 284282106 (95915/sec), new interesting: 0 (total: 15)
fuzz: elapsed: 49m12s, execs: 284575454 (97801/sec), new interesting: 0 (total: 15)
fuzz: elapsed: 49m15s, execs: 284861164 (95173/sec), new interesting: 0 (total: 15)
fuzz: elapsed: 49m18s, execs: 285151204 (96745/sec), new interesting: 0 (total: 15)
fuzz: elapsed: 49m21s, execs: 285443748 (97514/sec), new interesting: 0 (total: 15)
fuzz: elapsed: 49m24s, execs: 285733776 (96630/sec), new interesting: 0 (total: 15)
fuzz: elapsed: 49m27s, execs: 286021460 (95932/sec), new interesting: 0 (total: 15)
fuzz: elapsed: 49m30s, execs: 286311605 (96725/sec), new interesting: 0 (total: 15)
fuzz: elapsed: 49m33s, execs: 286603900 (97367/sec), new interesting: 0 (total: 15)
fuzz: elapsed: 49m36s, execs: 286891542 (95944/sec), new interesting: 0 (total: 15)
fuzz: elapsed: 49m39s, execs: 287179574 (95998/sec), new interesting: 0 (total: 15)
fuzz: elapsed: 49m42s, execs: 287471978 (97482/sec), new interesting: 0 (total: 15)
fuzz: elapsed: 49m45s, execs: 287764503 (97508/sec), new interesting: 0 (total: 15)
fuzz: elapsed: 49m48s, execs: 288049321 (94939/sec), new interesting: 0 (total: 15)
fuzz: elapsed: 49m51s, execs: 288341923 (97534/sec), new interesting: 0 (total: 15)
fuzz: elapsed: 49m54s, execs: 288632368 (96815/sec), new interesting: 0 (total: 15)
fuzz: elapsed: 49m57s, execs: 288922325 (96648/sec), new interesting: 0 (total: 15)
fuzz: elapsed: 50m0s, execs: 289209710 (95735/sec), new interesting: 0 (total: 15)
fuzz: elapsed: 50m3s, execs: 289497626 (96036/sec), new interesting: 0 (total: 15)
fuzz: elapsed: 50m6s, execs: 289790373 (97572/sec), new interesting: 0 (total: 15)
fuzz: elapsed: 50m9s, execs: 290075506 (95055/sec), new interesting: 0 (total: 15)
fuzz: elapsed: 50m12s, execs: 290368068 (97456/sec), new interesting: 0 (total: 15)
fuzz: elapsed: 50m15s, execs: 290658389 (96838/sec), new interesting: 0 (total: 15)
fuzz: elapsed: 50m18s, execs: 290950654 (97382/sec), new interesting: 0 (total: 15)
fuzz: elapsed: 50m21s, execs: 291234719 (94727/sec), new interesting: 0 (total: 15)
fuzz: elapsed: 50m24s, execs: 291526942 (97374/sec), new interesting: 0 (total: 15)
fuzz: elapsed: 50m27s, execs: 291817459 (96839/sec), new interesting: 0 (total: 15)
fuzz: elapsed: 50m30s, execs: 292100559 (94399/sec), new interesting: 0 (total: 15)
fuzz: elapsed: 50m33s, execs: 292392953 (97453/sec), new interesting: 0 (total: 15)
fuzz: elapsed: 50m36s, execs: 292683279 (96768/sec), new interesting: 0 (total: 15)
fuzz: elapsed: 50m39s, execs: 292974511 (97096/sec), new interesting: 0 (total: 15)
fuzz: elapsed: 50m42s, execs: 293258040 (94506/sec), new interesting: 0 (total: 15)
fuzz: elapsed: 50m45s, execs: 293546768 (96225/sec), new interesting: 0 (total: 15)
fuzz: elapsed: 50m48s, execs: 293838273 (97126/sec), new interesting: 0 (total: 15)
fuzz: elapsed: 50m51s, execs: 294121770 (94544/sec), new interesting: 0 (total: 15)
fuzz: elapsed: 50m54s, execs: 294413662 (97252/sec), new interesting: 0 (total: 15)
fuzz: elapsed: 50m57s, execs: 294702888 (96408/sec), new interesting: 0 (total: 15)
fuzz: elapsed: 51m0s, execs: 294994272 (97142/sec), new interesting: 0 (total: 15)
fuzz: elapsed: 51m3s, execs: 295278368 (94685/sec), new interesting: 0 (total: 15)
fuzz: elapsed: 51m6s, execs: 295567375 (96379/sec), new interesting: 0 (total: 15)
fuzz: elapsed: 51m9s, execs: 295858616 (97095/sec), new interesting: 0 (total: 15)
fuzz: elapsed: 51m12s, execs: 296143042 (94791/sec), new interesting: 0 (total: 15)
fuzz: elapsed: 51m15s, execs: 296434194 (97076/sec), new interesting: 0 (total: 15)
fuzz: elapsed: 51m18s, execs: 296724619 (96808/sec), new interesting: 0 (total: 15)
fuzz: elapsed: 51m21s, execs: 297011862 (95747/sec), new interesting: 0 (total: 15)
fuzz: elapsed: 51m24s, execs: 297301392 (96446/sec), new interesting: 0 (total: 15)
fuzz: elapsed: 51m27s, execs: 297590598 (96466/sec), new interesting: 0 (total: 15)
fuzz: elapsed: 51m30s, execs: 297879744 (96377/sec), new interesting: 0 (total: 15)
fuzz: elapsed: 51m33s, execs: 298166713 (95599/sec), new interesting: 0 (total: 15)
fuzz: elapsed: 51m36s, execs: 298458768 (97389/sec), new interesting: 0 (total: 15)
fuzz: elapsed: 51m39s, execs: 298748160 (96445/sec), new interesting: 0 (total: 15)
fuzz: elapsed: 51m42s, execs: 299032154 (94689/sec), new interesting: 0 (total: 15)
fuzz: elapsed: 51m45s, execs: 299319016 (95639/sec), new interesting: 0 (total: 15)
fuzz: elapsed: 51m48s, execs: 299601760 (94237/sec), new interesting: 0 (total: 15)
fuzz: elapsed: 51m51s, execs: 299890548 (96270/sec), new interesting: 0 (total: 15)
fuzz: elapsed: 51m54s, execs: 300177290 (95586/sec), new interesting: 0 (total: 15)
fuzz: elapsed: 51m57s, execs: 300468460 (97010/sec), new interesting: 0 (total: 15)
fuzz: elapsed: 52m0s, execs: 300757464 (96382/sec), new interesting: 0 (total: 15)
fuzz: elapsed: 52m3s, execs: 301041213 (94520/sec), new interesting: 0 (total: 15)
fuzz: elapsed: 52m6s, execs: 301333837 (97603/sec), new interesting: 0 (total: 15)
fuzz: elapsed: 52m9s, execs: 301623617 (96595/sec), new interesting: 0 (total: 15)
fuzz: elapsed: 52m12s, execs: 301913062 (96483/sec), new interesting: 0 (total: 15)
fuzz: elapsed: 52m15s, execs: 302200676 (95870/sec), new interesting: 0 (total: 15)
fuzz: elapsed: 52m18s, execs: 302492097 (97141/sec), new interesting: 0 (total: 15)
fuzz: elapsed: 52m21s, execs: 302782286 (96730/sec), new interesting: 0 (total: 15)
fuzz: elapsed: 52m24s, execs: 303064151 (93952/sec), new interesting: 0 (total: 15)
fuzz: elapsed: 52m27s, execs: 303355583 (97147/sec), new interesting: 0 (total: 15)
fuzz: elapsed: 52m30s, execs: 303645487 (96627/sec), new interesting: 0 (total: 15)
fuzz: elapsed: 52m33s, execs: 303928911 (94444/sec), new interesting: 0 (total: 15)
fuzz: elapsed: 52m36s, execs: 304212467 (94538/sec), new interesting: 0 (total: 15)
fuzz: elapsed: 52m39s, execs: 304491817 (93073/sec), new interesting: 0 (total: 15)
fuzz: elapsed: 52m42s, execs: 304770693 (93021/sec), new interesting: 0 (total: 15)
fuzz: elapsed: 52m45s, execs: 305035273 (88155/sec), new interesting: 0 (total: 15)
fuzz: elapsed: 52m48s, execs: 305325495 (96782/sec), new interesting: 0 (total: 15)
fuzz: elapsed: 52m51s, execs: 305607094 (93850/sec), new interesting: 0 (total: 15)
fuzz: elapsed: 52m54s, execs: 305847708 (80181/sec), new interesting: 0 (total: 15)
fuzz: elapsed: 52m57s, execs: 306114709 (88989/sec), new interesting: 0 (total: 15)
fuzz: elapsed: 53m0s, execs: 306385391 (90280/sec), new interesting: 0 (total: 15)
fuzz: elapsed: 53m3s, execs: 306656381 (90330/sec), new interesting: 0 (total: 15)
fuzz: elapsed: 53m6s, execs: 306934469 (92683/sec), new interesting: 0 (total: 15)
fuzz: elapsed: 53m9s, execs: 307205787 (90426/sec), new interesting: 0 (total: 15)
fuzz: elapsed: 53m12s, execs: 307469981 (88068/sec), new interesting: 0 (total: 15)
fuzz: elapsed: 53m15s, execs: 307760687 (96915/sec), new interesting: 0 (total: 15)
fuzz: elapsed: 53m18s, execs: 308049005 (96101/sec), new interesting: 0 (total: 15)
fuzz: elapsed: 53m21s, execs: 308338215 (96402/sec), new interesting: 0 (total: 15)
fuzz: elapsed: 53m24s, execs: 308621594 (94443/sec), new interesting: 0 (total: 15)
fuzz: elapsed: 53m27s, execs: 308909335 (95885/sec), new interesting: 0 (total: 15)
fuzz: elapsed: 53m30s, execs: 309198685 (96514/sec), new interesting: 0 (total: 15)
fuzz: elapsed: 53m33s, execs: 309480669 (93981/sec), new interesting: 0 (total: 15)
fuzz: elapsed: 53m36s, execs: 309772031 (97113/sec), new interesting: 0 (total: 15)
fuzz: elapsed: 53m39s, execs: 310054232 (94074/sec), new interesting: 0 (total: 15)
fuzz: elapsed: 53m42s, execs: 310345879 (97229/sec), new interesting: 0 (total: 15)
fuzz: elapsed: 53m45s, execs: 310632725 (95552/sec), new interesting: 0 (total: 15)
fuzz: elapsed: 53m48s, execs: 310919942 (95802/sec), new interesting: 0 (total: 15)
fuzz: elapsed: 53m51s, execs: 311205449 (95125/sec), new interesting: 0 (total: 15)
fuzz: elapsed: 53m54s, execs: 311487722 (94094/sec), new interesting: 0 (total: 15)
fuzz: elapsed: 53m57s, execs: 311776119 (96169/sec), new interesting: 0 (total: 15)
fuzz: elapsed: 54m0s, execs: 312057011 (93635/sec), new interesting: 0 (total: 15)
fuzz: elapsed: 54m3s, execs: 312340750 (94580/sec), new interesting: 0 (total: 15)
fuzz: elapsed: 54m6s, execs: 312629872 (96312/sec), new interesting: 0 (total: 15)
fuzz: elapsed: 54m9s, execs: 312911208 (93838/sec), new interesting: 0 (total: 15)
fuzz: elapsed: 54m12s, execs: 313175825 (88209/sec), new interesting: 0 (total: 15)
fuzz: elapsed: 54m15s, execs: 313461235 (95135/sec), new interesting: 0 (total: 15)
fuzz: elapsed: 54m18s, execs: 313744763 (94510/sec), new interesting: 0 (total: 15)
fuzz: elapsed: 54m21s, execs: 314028338 (94516/sec), new interesting: 0 (total: 15)
fuzz: elapsed: 54m24s, execs: 314310501 (94039/sec), new interesting: 0 (total: 15)
fuzz: elapsed: 54m27s, execs: 314597856 (95796/sec), new interesting: 0 (total: 15)
fuzz: elapsed: 54m30s, execs: 314878347 (93467/sec), new interesting: 0 (total: 15)
fuzz: elapsed: 54m33s, execs: 315160628 (94101/sec), new interesting: 0 (total: 15)
fuzz: elapsed: 54m36s, execs: 315441277 (93559/sec), new interesting: 0 (total: 15)
fuzz: elapsed: 54m39s, execs: 315723173 (93969/sec), new interesting: 0 (total: 15)
fuzz: elapsed: 54m42s, execs: 316007937 (94904/sec), new interesting: 0 (total: 15)
fuzz: elapsed: 54m45s, execs: 316286437 (92837/sec), new interesting: 0 (total: 15)
fuzz: elapsed: 54m48s, execs: 316555665 (89772/sec), new interesting: 0 (total: 15)
fuzz: elapsed: 54m51s, execs: 316829492 (91281/sec), new interesting: 0 (total: 15)
fuzz: elapsed: 54m54s, execs: 317104504 (91665/sec), new interesting: 0 (total: 15)
fuzz: elapsed: 54m57s, execs: 317380506 (92004/sec), new interesting: 0 (total: 15)
fuzz: elapsed: 55m0s, execs: 317615246 (78242/sec), new interesting: 0 (total: 15)
fuzz: elapsed: 55m3s, execs: 317894817 (93197/sec), new interesting: 0 (total: 15)
fuzz: elapsed: 55m6s, execs: 318167930 (91040/sec), new interesting: 0 (total: 15)
fuzz: elapsed: 55m9s, execs: 318442858 (91607/sec), new interesting: 0 (total: 15)
fuzz: elapsed: 55m12s, execs: 318721802 (93001/sec), new interesting: 0 (total: 15)
fuzz: elapsed: 55m15s, execs: 319005571 (94584/sec), new interesting: 0 (total: 15)
fuzz: elapsed: 55m18s, execs: 319284325 (92939/sec), new interesting: 0 (total: 15)
fuzz: elapsed: 55m21s, execs: 319566116 (93913/sec), new interesting: 0 (total: 15)
fuzz: elapsed: 55m24s, execs: 319855015 (96310/sec), new interesting: 0 (total: 15)
fuzz: elapsed: 55m27s, execs: 320138067 (94358/sec), new interesting: 0 (total: 15)
fuzz: elapsed: 55m30s, execs: 320428850 (96864/sec), new interesting: 0 (total: 15)
fuzz: elapsed: 55m33s, execs: 320720327 (97224/sec), new interesting: 0 (total: 15)
fuzz: elapsed: 55m36s, execs: 321006785 (95485/sec), new interesting: 0 (total: 15)
fuzz: elapsed: 55m39s, execs: 321289323 (94117/sec), new interesting: 0 (total: 15)
fuzz: elapsed: 55m42s, execs: 321577216 (96029/sec), new interesting: 0 (total: 15)
fuzz: elapsed: 55m45s, execs: 321859139 (93912/sec), new interesting: 0 (total: 15)
fuzz: elapsed: 55m48s, execs: 322132027 (91017/sec), new interesting: 0 (total: 15)
fuzz: elapsed: 55m51s, execs: 322413096 (93650/sec), new interesting: 0 (total: 15)
fuzz: elapsed: 55m54s, execs: 322696170 (94386/sec), new interesting: 0 (total: 15)
fuzz: elapsed: 55m57s, execs: 322977220 (93697/sec), new interesting: 0 (total: 15)
fuzz: elapsed: 56m0s, execs: 323259845 (94213/sec), new interesting: 0 (total: 15)
fuzz: elapsed: 56m3s, execs: 323540456 (93506/sec), new interesting: 0 (total: 15)
fuzz: elapsed: 56m6s, execs: 323815276 (91637/sec), new interesting: 0 (total: 15)
fuzz: elapsed: 56m9s, execs: 324098885 (94537/sec), new interesting: 0 (total: 15)
fuzz: elapsed: 56m12s, execs: 324378955 (93357/sec), new interesting: 0 (total: 15)
fuzz: elapsed: 56m15s, execs: 324654255 (91759/sec), new interesting: 0 (total: 15)
fuzz: elapsed: 56m18s, execs: 324934988 (93540/sec), new interesting: 0 (total: 15)
fuzz: elapsed: 56m21s, execs: 325212699 (92616/sec), new interesting: 0 (total: 15)
fuzz: elapsed: 56m24s, execs: 325489460 (92253/sec), new interesting: 0 (total: 15)
fuzz: elapsed: 56m27s, execs: 325763036 (91134/sec), new interesting: 0 (total: 15)
fuzz: elapsed: 56m30s, execs: 326052293 (96417/sec), new interesting: 0 (total: 15)
fuzz: elapsed: 56m33s, execs: 326337332 (95030/sec), new interesting: 0 (total: 15)
fuzz: elapsed: 56m36s, execs: 326618493 (93744/sec), new interesting: 0 (total: 15)
fuzz: elapsed: 56m39s, execs: 326905199 (95589/sec), new interesting: 0 (total: 15)
fuzz: elapsed: 56m42s, execs: 327192351 (95719/sec), new interesting: 0 (total: 15)
fuzz: elapsed: 56m45s, execs: 327470246 (92621/sec), new interesting: 0 (total: 15)
fuzz: elapsed: 56m48s, execs: 327756830 (95539/sec), new interesting: 0 (total: 15)
fuzz: elapsed: 56m51s, execs: 328047746 (96972/sec), new interesting: 0 (total: 15)
fuzz: elapsed: 56m54s, execs: 328339518 (97244/sec), new interesting: 0 (total: 15)
fuzz: elapsed: 56m57s, execs: 328624331 (94944/sec), new interesting: 0 (total: 15)
fuzz: elapsed: 57m0s, execs: 328912971 (96156/sec), new interesting: 0 (total: 15)
fuzz: elapsed: 57m3s, execs: 329204390 (97204/sec), new interesting: 0 (total: 15)
fuzz: elapsed: 57m6s, execs: 329488956 (94841/sec), new interesting: 0 (total: 15)
fuzz: elapsed: 57m9s, execs: 329777904 (96283/sec), new interesting: 0 (total: 15)
fuzz: elapsed: 57m12s, execs: 330068186 (96786/sec), new interesting: 0 (total: 15)
fuzz: elapsed: 57m15s, execs: 330352404 (94698/sec), new interesting: 0 (total: 15)
fuzz: elapsed: 57m18s, execs: 330641416 (96337/sec), new interesting: 0 (total: 15)
fuzz: elapsed: 57m21s, execs: 330930304 (96341/sec), new interesting: 0 (total: 15)
fuzz: elapsed: 57m24s, execs: 331218010 (95914/sec), new interesting: 0 (total: 15)
fuzz: elapsed: 57m27s, execs: 331499774 (93914/sec), new interesting: 0 (total: 15)
fuzz: elapsed: 57m30s, execs: 331786472 (95517/sec), new interesting: 0 (total: 15)
fuzz: elapsed: 57m33s, execs: 332073994 (95892/sec), new interesting: 0 (total: 15)
fuzz: elapsed: 57m36s, execs: 332358918 (94970/sec), new interesting: 0 (total: 15)
fuzz: elapsed: 57m39s, execs: 332645954 (95682/sec), new interesting: 0 (total: 15)
fuzz: elapsed: 57m42s, execs: 332935144 (96346/sec), new interesting: 0 (total: 15)
fuzz: elapsed: 57m45s, execs: 333217512 (94185/sec), new interesting: 0 (total: 15)
fuzz: elapsed: 57m48s, execs: 333503250 (95235/sec), new interesting: 0 (total: 15)
fuzz: elapsed: 57m51s, execs: 333782467 (93083/sec), new interesting: 0 (total: 15)
fuzz: elapsed: 57m54s, execs: 334061207 (92914/sec), new interesting: 0 (total: 15)
fuzz: elapsed: 57m57s, execs: 334341145 (93312/sec), new interesting: 0 (total: 15)
fuzz: elapsed: 58m0s, execs: 334624039 (94292/sec), new interesting: 0 (total: 15)
fuzz: elapsed: 58m3s, execs: 334909842 (95239/sec), new interesting: 0 (total: 15)
fuzz: elapsed: 58m6s, execs: 335193202 (94487/sec), new interesting: 0 (total: 15)
fuzz: elapsed: 58m9s, execs: 335479276 (95353/sec), new interesting: 0 (total: 15)
fuzz: elapsed: 58m12s, execs: 335761326 (94022/sec), new interesting: 0 (total: 15)
fuzz: elapsed: 58m15s, execs: 336043219 (93956/sec), new interesting: 0 (total: 15)
fuzz: elapsed: 58m18s, execs: 336329779 (95529/sec), new interesting: 0 (total: 15)
fuzz: elapsed: 58m21s, execs: 336612342 (94188/sec), new interesting: 0 (total: 15)
fuzz: elapsed: 58m24s, execs: 336890833 (92830/sec), new interesting: 0 (total: 15)
fuzz: elapsed: 58m27s, execs: 337179263 (96144/sec), new interesting: 0 (total: 15)
fuzz: elapsed: 58m30s, execs: 337464196 (94977/sec), new interesting: 0 (total: 15)
fuzz: elapsed: 58m33s, execs: 337748654 (94811/sec), new interesting: 0 (total: 15)
fuzz: elapsed: 58m36s, execs: 338030966 (94099/sec), new interesting: 0 (total: 15)
fuzz: elapsed: 58m39s, execs: 338314460 (94512/sec), new interesting: 0 (total: 15)
fuzz: elapsed: 58m42s, execs: 338597963 (94438/sec), new interesting: 0 (total: 15)
fuzz: elapsed: 58m45s, execs: 338873465 (91834/sec), new interesting: 0 (total: 15)
fuzz: elapsed: 58m48s, execs: 339147884 (91534/sec), new interesting: 0 (total: 15)
fuzz: elapsed: 58m51s, execs: 339424125 (92080/sec), new interesting: 0 (total: 15)
fuzz: elapsed: 58m54s, execs: 339697173 (90995/sec), new interesting: 0 (total: 15)
fuzz: elapsed: 58m57s, execs: 339978546 (93807/sec), new interesting: 0 (total: 15)
fuzz: elapsed: 59m0s, execs: 340254156 (91815/sec), new interesting: 0 (total: 15)
fuzz: elapsed: 59m3s, execs: 340535358 (93797/sec), new interesting: 0 (total: 15)
fuzz: elapsed: 59m6s, execs: 340820310 (94983/sec), new interesting: 0 (total: 15)
fuzz: elapsed: 59m9s, execs: 341105888 (95182/sec), new interesting: 0 (total: 15)
fuzz: elapsed: 59m12s, execs: 341388364 (94107/sec), new interesting: 0 (total: 15)
fuzz: elapsed: 59m15s, execs: 341672951 (94919/sec), new interesting: 0 (total: 15)
fuzz: elapsed: 59m18s, execs: 341954479 (93844/sec), new interesting: 0 (total: 15)
fuzz: elapsed: 59m21s, execs: 342238590 (94691/sec), new interesting: 0 (total: 15)
fuzz: elapsed: 59m24s, execs: 342523854 (95104/sec), new interesting: 0 (total: 15)
fuzz: elapsed: 59m27s, execs: 342809906 (95349/sec), new interesting: 0 (total: 15)
fuzz: elapsed: 59m30s, execs: 343097120 (95742/sec), new interesting: 0 (total: 15)
fuzz: elapsed: 59m33s, execs: 343383568 (95481/sec), new interesting: 0 (total: 15)
fuzz: elapsed: 59m36s, execs: 343667270 (94569/sec), new interesting: 0 (total: 15)
fuzz: elapsed: 59m39s, execs: 343952374 (95006/sec), new interesting: 0 (total: 15)
fuzz: elapsed: 59m42s, execs: 344235694 (94464/sec), new interesting: 0 (total: 15)
fuzz: elapsed: 59m45s, execs: 344520287 (94844/sec), new interesting: 0 (total: 15)
fuzz: elapsed: 59m48s, execs: 344806328 (95372/sec), new interesting: 0 (total: 15)
fuzz: elapsed: 59m51s, execs: 345085210 (92953/sec), new interesting: 0 (total: 15)
fuzz: elapsed: 59m54s, execs: 345373276 (96030/sec), new interesting: 0 (total: 15)
fuzz: elapsed: 59m57s, execs: 345659739 (95487/sec), new interesting: 0 (total: 15)
fuzz: elapsed: 1h0m0s, execs: 345942485 (94249/sec), new interesting: 0 (total: 15)
fuzz: elapsed: 1h0m0s, execs: 345942485 (0/sec), new interesting: 0 (total: 15)
PASS
ok  	github.com/the-sarge/cpace	3600.480s
# rerun_end_utc=2026-07-31T23:50:10Z
# rerun_duration_seconds=3601
# rerun_exit=0
# new_fuzz_artifacts=none

$ git status --porcelain=v1
# transcript_end_utc=2026-07-31T23:50:10Z
# result=pass
