# cpace v0.1.3 paired long-fuzz evidence
# candidate=1f19e278112fa037890848ed6c086addeffdca4e
# candidate_worktree=./repo
# transcript_start_utc=2026-07-31T08:29:10Z
# capture_script=docs/evidence/1f19e27-20260731-fuzz/capture.sh

$ hostname
# start_utc=2026-07-31T08:29:10Z
iMacPro.local
# end_utc=2026-07-31T08:29:10Z exit=0

$ sw_vers
# start_utc=2026-07-31T08:29:10Z
ProductName:		macOS
ProductVersion:		15.7.7
BuildVersion:		24G720
# end_utc=2026-07-31T08:29:10Z exit=0

$ uname -a
# start_utc=2026-07-31T08:29:10Z
Darwin iMacPro.local 24.6.0 Darwin Kernel Version 24.6.0: Tue Apr 21 20:17:54 PDT 2026; root:xnu-11417.140.69.710.16~1/RELEASE_X86_64 x86_64
# end_utc=2026-07-31T08:29:10Z exit=0

$ git --version
# start_utc=2026-07-31T08:29:10Z
git version 2.39.5 (Apple Git-154)
# end_utc=2026-07-31T08:29:10Z exit=0

$ go version
# start_utc=2026-07-31T08:29:10Z
go version go1.26.5 darwin/amd64
# end_utc=2026-07-31T08:29:10Z exit=0

$ go env GOOS GOARCH GOVERSION GOTOOLCHAIN GOFLAGS GOENV
# start_utc=2026-07-31T08:29:10Z
darwin
amd64
go1.26.5
go1.26.5

/Users/josh/Library/Application Support/go/env
# end_utc=2026-07-31T08:29:10Z exit=0

$ task --version
# start_utc=2026-07-31T08:29:10Z
3.52.0
# end_utc=2026-07-31T08:29:10Z exit=0

$ jq --version
# start_utc=2026-07-31T08:29:10Z
jq-1.7.1-apple
# end_utc=2026-07-31T08:29:10Z exit=0

$ git rev-parse HEAD
# start_utc=2026-07-31T08:29:10Z
1f19e278112fa037890848ed6c086addeffdca4e
# end_utc=2026-07-31T08:29:10Z exit=0

$ git status --porcelain=v1
# start_utc=2026-07-31T08:29:10Z
# end_utc=2026-07-31T08:29:10Z exit=0

$ git diff --exit-code --no-ext-diff
# start_utc=2026-07-31T08:29:10Z
# end_utc=2026-07-31T08:29:10Z exit=0
# candidate_worktree_clean=true

$ shasum -a 256 .github/fuzz-targets.json fuzz_registry_test.go fuzz_test.go ossfuzz/build.sh Taskfile.yml
# start_utc=2026-07-31T08:29:10Z
54d9e64280117af417c80c218504a11bcd9add071b44daaac40619e09f07c8a8  .github/fuzz-targets.json
0d5079efe30cd0f15a081e5c3eb1c2dcddfaab8af50e43487e1644e86d3ebd1a  fuzz_registry_test.go
32a429dd58d69c5e9ebc325fab8a94cc5b82482694f75846fcf79289af893333  fuzz_test.go
3f99cac9522fb8247f1d45b73e093c27c733e5b10e5be91d8d02e55b07cf8c6e  ossfuzz/build.sh
cc8932ead84355bf5b07e4a92680b8e836fc668b218b93fe1895ae01e24c225a  Taskfile.yml
# end_utc=2026-07-31T08:29:10Z exit=0

$ jq -r '.[] | [.target, .package, .binary] | @tsv' .github/fuzz-targets.json
# start_utc=2026-07-31T08:29:10Z
FuzzDecodeMessageA	.	fuzz_decode_message_a
FuzzDecodeMessageB	.	fuzz_decode_message_b
FuzzDecodeMessageC	.	fuzz_decode_message_c
FuzzDraftVectorJSONLoader	.	fuzz_draft_vector_json_loader
FuzzDraftInvalidVectorJSONLoader	.	fuzz_draft_invalid_vector_json_loader
FuzzProtocolConsistency	.	fuzz_protocol_consistency
FuzzProtocolMismatch	.	fuzz_protocol_mismatch
FuzzRespondWithFuzzedMessageA	.	fuzz_respond_with_fuzzed_message_a
FuzzInitiatorFinishWithFuzzedMessageB	.	fuzz_initiator_finish_with_fuzzed_message_b
FuzzResponderFinishWithFuzzedMessageC	.	fuzz_responder_finish_with_fuzzed_message_c
FuzzScalarMultVFY	.	fuzz_scalar_mult_vfy
FuzzMessageARoundTrip	.	fuzz_message_a_round_trip
FuzzMessageBRoundTrip	.	fuzz_message_b_round_trip
FuzzMessageCRoundTrip	.	fuzz_message_c_round_trip
# end_utc=2026-07-31T08:29:10Z exit=0
# registered_targets=14

$ go test -v -run '^TestFuzzTargetRegistry(Schema|MatchesDefinedTargets|MatchesOSSFuzzBuild)$' -count=1 .
# start_utc=2026-07-31T08:29:10Z
=== RUN   TestFuzzTargetRegistrySchema
--- PASS: TestFuzzTargetRegistrySchema (0.00s)
=== RUN   TestFuzzTargetRegistryMatchesDefinedTargets
--- PASS: TestFuzzTargetRegistryMatchesDefinedTargets (0.01s)
=== RUN   TestFuzzTargetRegistryMatchesOSSFuzzBuild
--- PASS: TestFuzzTargetRegistryMatchesOSSFuzzBuild (0.00s)
PASS
ok  	github.com/the-sarge/cpace	0.291s
# end_utc=2026-07-31T08:29:18Z exit=0

$ go test -count=1 ./...
# start_utc=2026-07-31T08:29:18Z
ok  	github.com/the-sarge/cpace	0.324s
# end_utc=2026-07-31T08:29:19Z exit=0

$ git status --porcelain=v1
# start_utc=2026-07-31T08:29:19Z
# end_utc=2026-07-31T08:29:19Z exit=0

$ git diff --exit-code --no-ext-diff
# start_utc=2026-07-31T08:29:19Z
# end_utc=2026-07-31T08:29:19Z exit=0
# preflight_result=pass

$ FUZZ_RACE=0 GOMAXPROCS=4 FUZZTIME=1h PARALLEL=1 task fuzz
# campaign_start_utc=2026-07-31T08:29:19Z
# environment=GOTOOLCHAIN=go1.26.5 FUZZ_RACE=0 GOMAXPROCS=4 FUZZTIME=1h PARALLEL=1 FUZZ_TEST_PARALLEL=unset
task: [fuzz] set -euo pipefail
command -v jq >/dev/null 2>&1 || {
  echo "jq not found; install jq to run task fuzz"
  exit 1
}

fuzztime="${FUZZTIME}"
case "$fuzztime" in
  *[smh])
    fuzztime_value="${fuzztime%?}"
    ;;
  *)
    echo "FUZZTIME must be a positive Go duration (got: '$fuzztime')"
    exit 1
    ;;
esac
case "$fuzztime_value" in
  ''|*[!0-9]*)
    echo "FUZZTIME must be a positive Go duration (got: '$fuzztime')"
    exit 1
    ;;
esac
case "$fuzztime_value" in
  *[1-9]*) ;;
  *)
    echo "FUZZTIME must be a positive Go duration (got: '$fuzztime')"
    exit 1
    ;;
esac

parallel="${PARALLEL:-}"
if [ -z "$parallel" ]; then
  ncores="$(getconf _NPROCESSORS_ONLN 2>/dev/null || sysctl -n hw.ncpu 2>/dev/null || echo 2)"
  parallel=$(( ncores / 2 ))
  if [ "$parallel" -lt 1 ]; then
    parallel=1
  fi
fi
case "$parallel" in
  ''|*[!0-9]*)
    echo "PARALLEL must be a positive integer (got: '$parallel')"
    exit 1
    ;;
esac
case "$parallel" in
  *[1-9]*) ;;
  *)
    echo "PARALLEL must be a positive integer (got: '$parallel')"
    exit 1
    ;;
esac

target_count="$(jq 'length' .github/fuzz-targets.json)"
if [ "$target_count" -lt 1 ]; then
  echo ".github/fuzz-targets.json contains no targets"
  exit 1
fi

race="${FUZZ_RACE:-1}"
case "$race" in
  0|1) ;;
  *)
    echo "FUZZ_RACE must be 0 or 1 (got: '$race')"
    exit 1
    ;;
esac

gomaxprocs="${GOMAXPROCS:-}"
if [ -n "$gomaxprocs" ]; then
  case "$gomaxprocs" in
    ''|*[!0-9]*)
      echo "GOMAXPROCS must be a positive integer (got: '$gomaxprocs')"
      exit 1
      ;;
  esac
  case "$gomaxprocs" in
    *[1-9]*) ;;
    *)
      echo "GOMAXPROCS must be a positive integer (got: '$gomaxprocs')"
      exit 1
      ;;
  esac
  if [ "${#gomaxprocs}" -gt 6 ]; then
    echo "GOMAXPROCS value is too large (got: '$gomaxprocs')"
    exit 1
  fi
fi

fuzz_test_parallel="${FUZZ_TEST_PARALLEL:-}"
if [ -n "$fuzz_test_parallel" ]; then
  case "$fuzz_test_parallel" in
    ''|*[!0-9]*)
      echo "FUZZ_TEST_PARALLEL must be a positive integer (got: '$fuzz_test_parallel')"
      exit 1
      ;;
  esac
  case "$fuzz_test_parallel" in
    *[1-9]*) ;;
    *)
      echo "FUZZ_TEST_PARALLEL must be a positive integer (got: '$fuzz_test_parallel')"
      exit 1
      ;;
  esac
fi

echo "Running $target_count fuzz targets (PARALLEL=$parallel, FUZZTIME=$fuzztime, FUZZ_RACE=$race, GOMAXPROCS=${gomaxprocs:-default}, FUZZ_TEST_PARALLEL=${fuzz_test_parallel:-default})"
log_dir="$(mktemp -d)"
trap 'rm -rf "$log_dir"' EXIT

jq -r '.[] | "\(.target)|\(.package)"' .github/fuzz-targets.json | \
  xargs -P "$parallel" -I{} bash -c '
    entry="$1"
    dir="$2"
    target="${entry%%|*}"
    pkg="${entry#*|}"
    race_args=()
    if [ "${FUZZ_RACE:-1}" != "0" ]; then
      race_args=(-race)
    fi
    parallel_args=()
    if [ -n "${FUZZ_TEST_PARALLEL:-}" ]; then
      parallel_args=(-parallel="${FUZZ_TEST_PARALLEL}")
    fi
    if out=$(go test "${race_args[@]}" "${parallel_args[@]}" -timeout=0 -fuzz="$target" -fuzztime="$FUZZTIME" "$pkg" 2>&1); then
      printf "=== PASS: %s ===\n" "$target" > "$dir/$target.log"
    else
      printf "=== FAIL: %s (%s) ===\n%s\n" "$target" "$pkg" "$out" > "$dir/$target.log"
      : > "$dir/$target.fail"
    fi
  ' _ {} "$log_dir"

for log in "$log_dir"/*.log; do
  [ -f "$log" ] || continue
  cat "$log"
done
if ls "$log_dir"/*.fail >/dev/null 2>&1; then
  exit 1
fi
echo "All $target_count fuzz targets passed"

Running 14 fuzz targets (PARALLEL=1, FUZZTIME=1h, FUZZ_RACE=0, GOMAXPROCS=4, FUZZ_TEST_PARALLEL=default)
=== PASS: FuzzDecodeMessageA ===
=== PASS: FuzzDecodeMessageB ===
=== PASS: FuzzDecodeMessageC ===
=== PASS: FuzzDraftInvalidVectorJSONLoader ===
=== PASS: FuzzDraftVectorJSONLoader ===
=== PASS: FuzzInitiatorFinishWithFuzzedMessageB ===
=== FAIL: FuzzMessageARoundTrip (.) ===
fuzz: elapsed: 0s, gathering baseline coverage: 0/15 completed
fuzz: elapsed: 0s, gathering baseline coverage: 15/15 completed, now fuzzing with 4 workers
fuzz: elapsed: 3s, execs: 279206 (93068/sec), new interesting: 0 (total: 15)
fuzz: elapsed: 6s, execs: 571667 (97486/sec), new interesting: 0 (total: 15)
fuzz: elapsed: 9s, execs: 855004 (94446/sec), new interesting: 0 (total: 15)
fuzz: elapsed: 12s, execs: 1147840 (97611/sec), new interesting: 0 (total: 15)
fuzz: elapsed: 15s, execs: 1440748 (97637/sec), new interesting: 0 (total: 15)
fuzz: elapsed: 18s, execs: 1723635 (94234/sec), new interesting: 0 (total: 15)
fuzz: elapsed: 21s, execs: 2016538 (97698/sec), new interesting: 0 (total: 15)
fuzz: elapsed: 24s, execs: 2308542 (97335/sec), new interesting: 0 (total: 15)
fuzz: elapsed: 27s, execs: 2599598 (97019/sec), new interesting: 0 (total: 15)
fuzz: elapsed: 30s, execs: 2868901 (89767/sec), new interesting: 0 (total: 15)
fuzz: elapsed: 33s, execs: 3159073 (96660/sec), new interesting: 0 (total: 15)
fuzz: elapsed: 36s, execs: 3451574 (97562/sec), new interesting: 0 (total: 15)
fuzz: elapsed: 39s, execs: 3734613 (94350/sec), new interesting: 0 (total: 15)
fuzz: elapsed: 42s, execs: 4024981 (96789/sec), new interesting: 0 (total: 15)
fuzz: elapsed: 45s, execs: 4317690 (97505/sec), new interesting: 0 (total: 15)
fuzz: elapsed: 48s, execs: 4603468 (95322/sec), new interesting: 0 (total: 15)
fuzz: elapsed: 51s, execs: 4895868 (97467/sec), new interesting: 0 (total: 15)
fuzz: elapsed: 54s, execs: 5186009 (96700/sec), new interesting: 0 (total: 15)
fuzz: elapsed: 57s, execs: 5478657 (97498/sec), new interesting: 0 (total: 15)
fuzz: elapsed: 1m0s, execs: 5764125 (95219/sec), new interesting: 0 (total: 15)
fuzz: elapsed: 1m3s, execs: 6057269 (97712/sec), new interesting: 0 (total: 15)
fuzz: elapsed: 1m6s, execs: 6347417 (96654/sec), new interesting: 0 (total: 15)
fuzz: elapsed: 1m9s, execs: 6640253 (97677/sec), new interesting: 0 (total: 15)
fuzz: elapsed: 1m12s, execs: 6925650 (95132/sec), new interesting: 0 (total: 15)
fuzz: elapsed: 1m15s, execs: 7216118 (96823/sec), new interesting: 0 (total: 15)
fuzz: elapsed: 1m18s, execs: 7508545 (97431/sec), new interesting: 0 (total: 15)
fuzz: elapsed: 1m21s, execs: 7796140 (95909/sec), new interesting: 0 (total: 15)
fuzz: elapsed: 1m24s, execs: 8086156 (96672/sec), new interesting: 0 (total: 15)
fuzz: elapsed: 1m27s, execs: 8376529 (96786/sec), new interesting: 0 (total: 15)
fuzz: elapsed: 1m30s, execs: 8669298 (97594/sec), new interesting: 0 (total: 15)
fuzz: elapsed: 1m33s, execs: 8955026 (95243/sec), new interesting: 0 (total: 15)
fuzz: elapsed: 1m36s, execs: 9245054 (96612/sec), new interesting: 0 (total: 15)
fuzz: elapsed: 1m39s, execs: 9537732 (97625/sec), new interesting: 0 (total: 15)
fuzz: elapsed: 1m42s, execs: 9825919 (96062/sec), new interesting: 0 (total: 15)
fuzz: elapsed: 1m45s, execs: 10116264 (96776/sec), new interesting: 0 (total: 15)
fuzz: elapsed: 1m48s, execs: 10406141 (96567/sec), new interesting: 0 (total: 15)
fuzz: elapsed: 1m51s, execs: 10699053 (97702/sec), new interesting: 0 (total: 15)
fuzz: elapsed: 1m54s, execs: 10983546 (94827/sec), new interesting: 0 (total: 15)
fuzz: elapsed: 1m57s, execs: 11275739 (97395/sec), new interesting: 0 (total: 15)
fuzz: elapsed: 2m0s, execs: 11565695 (96659/sec), new interesting: 0 (total: 15)
fuzz: elapsed: 2m3s, execs: 11858442 (97581/sec), new interesting: 0 (total: 15)
fuzz: elapsed: 2m6s, execs: 12144471 (95280/sec), new interesting: 0 (total: 15)
fuzz: elapsed: 2m9s, execs: 12437342 (97689/sec), new interesting: 0 (total: 15)
fuzz: elapsed: 2m12s, execs: 12727958 (96833/sec), new interesting: 0 (total: 15)
fuzz: elapsed: 2m15s, execs: 13013588 (95190/sec), new interesting: 0 (total: 15)
fuzz: elapsed: 2m18s, execs: 13306556 (97651/sec), new interesting: 0 (total: 15)
fuzz: elapsed: 2m21s, execs: 13599546 (97728/sec), new interesting: 0 (total: 15)
fuzz: elapsed: 2m24s, execs: 13888532 (96329/sec), new interesting: 0 (total: 15)
fuzz: elapsed: 2m27s, execs: 14173694 (95054/sec), new interesting: 0 (total: 15)
fuzz: elapsed: 2m30s, execs: 14466508 (97605/sec), new interesting: 0 (total: 15)
fuzz: elapsed: 2m33s, execs: 14756970 (96821/sec), new interesting: 0 (total: 15)
fuzz: elapsed: 2m36s, execs: 15041759 (94929/sec), new interesting: 0 (total: 15)
fuzz: elapsed: 2m39s, execs: 15334575 (97541/sec), new interesting: 0 (total: 15)
fuzz: elapsed: 2m42s, execs: 15627130 (97583/sec), new interesting: 0 (total: 15)
fuzz: elapsed: 2m45s, execs: 15917412 (96755/sec), new interesting: 0 (total: 15)
fuzz: elapsed: 2m48s, execs: 16202941 (95181/sec), new interesting: 0 (total: 15)
fuzz: elapsed: 2m51s, execs: 16495013 (97311/sec), new interesting: 0 (total: 15)
fuzz: elapsed: 2m54s, execs: 16787755 (97627/sec), new interesting: 0 (total: 15)
fuzz: elapsed: 2m57s, execs: 17077175 (96474/sec), new interesting: 0 (total: 15)
fuzz: elapsed: 3m0s, execs: 17363941 (95588/sec), new interesting: 0 (total: 15)
fuzz: elapsed: 3m3s, execs: 17656427 (97477/sec), new interesting: 0 (total: 15)
fuzz: elapsed: 3m6s, execs: 17944492 (96039/sec), new interesting: 0 (total: 15)
fuzz: elapsed: 3m9s, execs: 18232149 (95822/sec), new interesting: 0 (total: 15)
fuzz: elapsed: 3m12s, execs: 18524927 (97641/sec), new interesting: 0 (total: 15)
fuzz: elapsed: 3m15s, execs: 18815245 (96789/sec), new interesting: 0 (total: 15)
fuzz: elapsed: 3m18s, execs: 19105646 (96801/sec), new interesting: 0 (total: 15)
fuzz: elapsed: 3m21s, execs: 19393048 (95775/sec), new interesting: 0 (total: 15)
fuzz: elapsed: 3m24s, execs: 19685502 (97501/sec), new interesting: 0 (total: 15)
fuzz: elapsed: 3m27s, execs: 19974810 (96445/sec), new interesting: 0 (total: 15)
fuzz: elapsed: 3m30s, execs: 20263242 (96144/sec), new interesting: 0 (total: 15)
fuzz: elapsed: 3m33s, execs: 20554030 (96865/sec), new interesting: 0 (total: 15)
fuzz: elapsed: 3m36s, execs: 20844617 (96923/sec), new interesting: 0 (total: 15)
fuzz: elapsed: 3m39s, execs: 21132556 (95983/sec), new interesting: 0 (total: 15)
fuzz: elapsed: 3m42s, execs: 21422996 (96749/sec), new interesting: 0 (total: 15)
fuzz: elapsed: 3m45s, execs: 21713350 (96849/sec), new interesting: 0 (total: 15)
fuzz: elapsed: 3m48s, execs: 22003930 (96854/sec), new interesting: 0 (total: 15)
fuzz: elapsed: 3m51s, execs: 22291581 (95890/sec), new interesting: 0 (total: 15)
fuzz: elapsed: 3m54s, execs: 22584599 (97673/sec), new interesting: 0 (total: 15)
fuzz: elapsed: 3m57s, execs: 22874860 (96754/sec), new interesting: 0 (total: 15)
fuzz: elapsed: 4m0s, execs: 23162646 (95928/sec), new interesting: 0 (total: 15)
fuzz: elapsed: 4m3s, execs: 23453546 (96954/sec), new interesting: 0 (total: 15)
fuzz: elapsed: 4m6s, execs: 23744558 (96951/sec), new interesting: 0 (total: 15)
fuzz: elapsed: 4m9s, execs: 24032413 (96015/sec), new interesting: 0 (total: 15)
fuzz: elapsed: 4m12s, execs: 24322698 (96762/sec), new interesting: 0 (total: 15)
fuzz: elapsed: 4m15s, execs: 24615534 (97612/sec), new interesting: 0 (total: 15)
fuzz: elapsed: 4m18s, execs: 24906353 (96938/sec), new interesting: 0 (total: 15)
fuzz: elapsed: 4m21s, execs: 25194581 (96078/sec), new interesting: 0 (total: 15)
fuzz: elapsed: 4m24s, execs: 25484625 (96680/sec), new interesting: 0 (total: 15)
fuzz: elapsed: 4m27s, execs: 25774241 (96541/sec), new interesting: 0 (total: 15)
fuzz: elapsed: 4m30s, execs: 26064729 (96822/sec), new interesting: 0 (total: 15)
fuzz: elapsed: 4m33s, execs: 26352426 (95907/sec), new interesting: 0 (total: 15)
fuzz: elapsed: 4m36s, execs: 26642028 (96531/sec), new interesting: 0 (total: 15)
fuzz: elapsed: 4m39s, execs: 26932363 (96780/sec), new interesting: 0 (total: 15)
fuzz: elapsed: 4m42s, execs: 27219820 (95819/sec), new interesting: 0 (total: 15)
fuzz: elapsed: 4m45s, execs: 27510268 (96816/sec), new interesting: 0 (total: 15)
fuzz: elapsed: 4m48s, execs: 27803235 (97656/sec), new interesting: 0 (total: 15)
fuzz: elapsed: 4m51s, execs: 28091080 (95949/sec), new interesting: 0 (total: 15)
fuzz: elapsed: 4m54s, execs: 28380647 (96522/sec), new interesting: 0 (total: 15)
fuzz: elapsed: 4m57s, execs: 28671159 (96837/sec), new interesting: 0 (total: 15)
fuzz: elapsed: 5m0s, execs: 28961816 (96822/sec), new interesting: 0 (total: 15)
fuzz: elapsed: 5m3s, execs: 29251910 (96762/sec), new interesting: 0 (total: 15)
fuzz: elapsed: 5m6s, execs: 29539851 (95976/sec), new interesting: 0 (total: 15)
fuzz: elapsed: 5m9s, execs: 29832804 (97655/sec), new interesting: 0 (total: 15)
fuzz: elapsed: 5m12s, execs: 30123314 (96838/sec), new interesting: 0 (total: 15)
fuzz: elapsed: 5m15s, execs: 30410811 (95832/sec), new interesting: 0 (total: 15)
fuzz: elapsed: 5m18s, execs: 30701092 (96760/sec), new interesting: 0 (total: 15)
fuzz: elapsed: 5m21s, execs: 30991409 (96773/sec), new interesting: 0 (total: 15)
fuzz: elapsed: 5m24s, execs: 31281474 (96688/sec), new interesting: 0 (total: 15)
fuzz: elapsed: 5m27s, execs: 31569265 (95930/sec), new interesting: 0 (total: 15)
fuzz: elapsed: 5m30s, execs: 31861776 (97504/sec), new interesting: 0 (total: 15)
fuzz: elapsed: 5m33s, execs: 32152194 (96806/sec), new interesting: 0 (total: 15)
fuzz: elapsed: 5m36s, execs: 32442521 (96776/sec), new interesting: 0 (total: 15)
fuzz: elapsed: 5m39s, execs: 32730698 (96059/sec), new interesting: 0 (total: 15)
fuzz: elapsed: 5m42s, execs: 33022638 (97313/sec), new interesting: 0 (total: 15)
fuzz: elapsed: 5m45s, execs: 33313026 (96796/sec), new interesting: 0 (total: 15)
fuzz: elapsed: 5m48s, execs: 33603313 (96751/sec), new interesting: 0 (total: 15)
fuzz: elapsed: 5m51s, execs: 33891508 (96077/sec), new interesting: 0 (total: 15)
fuzz: elapsed: 5m54s, execs: 34181302 (96598/sec), new interesting: 0 (total: 15)
fuzz: elapsed: 5m57s, execs: 34474224 (97640/sec), new interesting: 0 (total: 15)
fuzz: elapsed: 6m0s, execs: 34760293 (95357/sec), new interesting: 0 (total: 15)
fuzz: elapsed: 6m3s, execs: 35050553 (96689/sec), new interesting: 0 (total: 15)
fuzz: elapsed: 6m6s, execs: 35343593 (97678/sec), new interesting: 0 (total: 15)
fuzz: elapsed: 6m9s, execs: 35634043 (96882/sec), new interesting: 0 (total: 15)
fuzz: elapsed: 6m12s, execs: 35919208 (94993/sec), new interesting: 0 (total: 15)
fuzz: elapsed: 6m15s, execs: 36212061 (97617/sec), new interesting: 0 (total: 15)
fuzz: elapsed: 6m18s, execs: 36504776 (97573/sec), new interesting: 0 (total: 15)
fuzz: elapsed: 6m21s, execs: 36794923 (96780/sec), new interesting: 0 (total: 15)
fuzz: elapsed: 6m24s, execs: 37080120 (95065/sec), new interesting: 0 (total: 15)
fuzz: elapsed: 6m27s, execs: 37372234 (97306/sec), new interesting: 0 (total: 15)
fuzz: elapsed: 6m30s, execs: 37664918 (97627/sec), new interesting: 0 (total: 15)
fuzz: elapsed: 6m33s, execs: 37950873 (95318/sec), new interesting: 0 (total: 15)
fuzz: elapsed: 6m36s, execs: 38240929 (96621/sec), new interesting: 0 (total: 15)
fuzz: elapsed: 6m39s, execs: 38533346 (97535/sec), new interesting: 0 (total: 15)
fuzz: elapsed: 6m42s, execs: 38823300 (96654/sec), new interesting: 0 (total: 15)
fuzz: elapsed: 6m45s, execs: 39109960 (95552/sec), new interesting: 0 (total: 15)
fuzz: elapsed: 6m48s, execs: 39400815 (96951/sec), new interesting: 0 (total: 15)
fuzz: elapsed: 6m51s, execs: 39690460 (96550/sec), new interesting: 0 (total: 15)
fuzz: elapsed: 6m54s, execs: 39976820 (95453/sec), new interesting: 0 (total: 15)
fuzz: elapsed: 6m57s, execs: 40269257 (97479/sec), new interesting: 0 (total: 15)
fuzz: elapsed: 7m0s, execs: 40559138 (96610/sec), new interesting: 0 (total: 15)
fuzz: elapsed: 7m3s, execs: 40849662 (96859/sec), new interesting: 0 (total: 15)
fuzz: elapsed: 7m6s, execs: 41137887 (96075/sec), new interesting: 0 (total: 15)
fuzz: elapsed: 7m9s, execs: 41430646 (97565/sec), new interesting: 0 (total: 15)
fuzz: elapsed: 7m12s, execs: 41720814 (96745/sec), new interesting: 0 (total: 15)
fuzz: elapsed: 7m15s, execs: 42006552 (95232/sec), new interesting: 0 (total: 15)
fuzz: elapsed: 7m18s, execs: 42299659 (97651/sec), new interesting: 0 (total: 15)
fuzz: elapsed: 7m21s, execs: 42592659 (97727/sec), new interesting: 0 (total: 15)
fuzz: elapsed: 7m24s, execs: 42881649 (96335/sec), new interesting: 0 (total: 15)
fuzz: elapsed: 7m27s, execs: 43166667 (95003/sec), new interesting: 0 (total: 15)
fuzz: elapsed: 7m30s, execs: 43459401 (97581/sec), new interesting: 0 (total: 15)
fuzz: elapsed: 7m33s, execs: 43749635 (96717/sec), new interesting: 0 (total: 15)
fuzz: elapsed: 7m36s, execs: 44035350 (95266/sec), new interesting: 0 (total: 15)
fuzz: elapsed: 7m39s, execs: 44327873 (97507/sec), new interesting: 0 (total: 15)
fuzz: elapsed: 7m42s, execs: 44620768 (97632/sec), new interesting: 0 (total: 15)
fuzz: elapsed: 7m45s, execs: 44911075 (96770/sec), new interesting: 0 (total: 15)
fuzz: elapsed: 7m48s, execs: 45197024 (95316/sec), new interesting: 0 (total: 15)
fuzz: elapsed: 7m51s, execs: 45490035 (97671/sec), new interesting: 0 (total: 15)
fuzz: elapsed: 7m54s, execs: 45780151 (96641/sec), new interesting: 0 (total: 15)
fuzz: elapsed: 7m57s, execs: 46070367 (96803/sec), new interesting: 0 (total: 15)
fuzz: elapsed: 8m0s, execs: 46358621 (96036/sec), new interesting: 0 (total: 15)
fuzz: elapsed: 8m3s, execs: 46650957 (97495/sec), new interesting: 0 (total: 15)
fuzz: elapsed: 8m6s, execs: 46941268 (96770/sec), new interesting: 0 (total: 15)
fuzz: elapsed: 8m9s, execs: 47228784 (95815/sec), new interesting: 0 (total: 15)
fuzz: elapsed: 8m12s, execs: 47518585 (96625/sec), new interesting: 0 (total: 15)
fuzz: elapsed: 8m15s, execs: 47811186 (97533/sec), new interesting: 0 (total: 15)
fuzz: elapsed: 8m18s, execs: 48101383 (96732/sec), new interesting: 0 (total: 15)
fuzz: elapsed: 8m21s, execs: 48387022 (95213/sec), new interesting: 0 (total: 15)
fuzz: elapsed: 8m24s, execs: 48679615 (97531/sec), new interesting: 0 (total: 15)
fuzz: elapsed: 8m27s, execs: 48970166 (96806/sec), new interesting: 0 (total: 15)
fuzz: elapsed: 8m30s, execs: 49258387 (96118/sec), new interesting: 0 (total: 15)
fuzz: elapsed: 8m33s, execs: 49548740 (96783/sec), new interesting: 0 (total: 15)
fuzz: elapsed: 8m36s, execs: 49838808 (96690/sec), new interesting: 0 (total: 15)
fuzz: elapsed: 8m39s, execs: 50131600 (97597/sec), new interesting: 0 (total: 15)
fuzz: elapsed: 8m42s, execs: 50415761 (94657/sec), new interesting: 0 (total: 15)
fuzz: elapsed: 8m45s, execs: 50708447 (97627/sec), new interesting: 0 (total: 15)
fuzz: elapsed: 8m48s, execs: 50999845 (97133/sec), new interesting: 0 (total: 15)
fuzz: elapsed: 8m51s, execs: 51292422 (97522/sec), new interesting: 0 (total: 15)
fuzz: elapsed: 8m54s, execs: 51574926 (94153/sec), new interesting: 0 (total: 15)
fuzz: elapsed: 8m57s, execs: 51867748 (97626/sec), new interesting: 0 (total: 15)
fuzz: elapsed: 9m0s, execs: 52160321 (97523/sec), new interesting: 0 (total: 15)
fuzz: elapsed: 9m3s, execs: 52448212 (95965/sec), new interesting: 0 (total: 15)
fuzz: elapsed: 9m6s, execs: 52735965 (95917/sec), new interesting: 0 (total: 15)
fuzz: elapsed: 9m9s, execs: 53028894 (97578/sec), new interesting: 0 (total: 15)
fuzz: elapsed: 9m12s, execs: 53321673 (97655/sec), new interesting: 0 (total: 15)
fuzz: elapsed: 9m15s, execs: 53605060 (94465/sec), new interesting: 0 (total: 15)
fuzz: elapsed: 9m18s, execs: 53897937 (97626/sec), new interesting: 0 (total: 15)
fuzz: elapsed: 9m21s, execs: 54190647 (97570/sec), new interesting: 0 (total: 15)
fuzz: elapsed: 9m24s, execs: 54483001 (97452/sec), new interesting: 0 (total: 15)
fuzz: elapsed: 9m27s, execs: 54766123 (94336/sec), new interesting: 0 (total: 15)
fuzz: elapsed: 9m30s, execs: 55058761 (97574/sec), new interesting: 0 (total: 15)
fuzz: elapsed: 9m33s, execs: 55350344 (97141/sec), new interesting: 0 (total: 15)
fuzz: elapsed: 9m36s, execs: 55640861 (96903/sec), new interesting: 0 (total: 15)
fuzz: elapsed: 9m39s, execs: 55928523 (95887/sec), new interesting: 0 (total: 15)
fuzz: elapsed: 9m42s, execs: 56215309 (95530/sec), new interesting: 0 (total: 15)
fuzz: elapsed: 9m45s, execs: 56507670 (97521/sec), new interesting: 0 (total: 15)
fuzz: elapsed: 9m48s, execs: 56793176 (95112/sec), new interesting: 0 (total: 15)
fuzz: elapsed: 9m51s, execs: 57085994 (97664/sec), new interesting: 0 (total: 15)
fuzz: elapsed: 9m54s, execs: 57376207 (96738/sec), new interesting: 0 (total: 15)
fuzz: elapsed: 9m57s, execs: 57669323 (97706/sec), new interesting: 0 (total: 15)
fuzz: elapsed: 10m0s, execs: 57954985 (95220/sec), new interesting: 0 (total: 15)
fuzz: elapsed: 10m3s, execs: 58245483 (96832/sec), new interesting: 0 (total: 15)
fuzz: elapsed: 10m6s, execs: 58538400 (97574/sec), new interesting: 0 (total: 15)
fuzz: elapsed: 10m9s, execs: 58824218 (95336/sec), new interesting: 0 (total: 15)
fuzz: elapsed: 10m12s, execs: 59116939 (97572/sec), new interesting: 0 (total: 15)
fuzz: elapsed: 10m15s, execs: 59407091 (96706/sec), new interesting: 0 (total: 15)
fuzz: elapsed: 10m18s, execs: 59699717 (97555/sec), new interesting: 0 (total: 15)
fuzz: elapsed: 10m21s, execs: 59985054 (95050/sec), new interesting: 0 (total: 15)
fuzz: elapsed: 10m24s, execs: 60274849 (96623/sec), new interesting: 0 (total: 15)
fuzz: elapsed: 10m27s, execs: 60567752 (97674/sec), new interesting: 0 (total: 15)
fuzz: elapsed: 10m30s, execs: 60860741 (97663/sec), new interesting: 0 (total: 15)
fuzz: elapsed: 10m33s, execs: 61146151 (95137/sec), new interesting: 0 (total: 15)
fuzz: elapsed: 10m36s, execs: 61436577 (96780/sec), new interesting: 0 (total: 15)
fuzz: elapsed: 10m39s, execs: 61729625 (97711/sec), new interesting: 0 (total: 15)
fuzz: elapsed: 10m42s, execs: 62014769 (95039/sec), new interesting: 0 (total: 15)
fuzz: elapsed: 10m45s, execs: 62307604 (97621/sec), new interesting: 0 (total: 15)
fuzz: elapsed: 10m48s, execs: 62598134 (96843/sec), new interesting: 0 (total: 15)
fuzz: elapsed: 10m51s, execs: 62890928 (97598/sec), new interesting: 0 (total: 15)
fuzz: elapsed: 10m54s, execs: 63176503 (95191/sec), new interesting: 0 (total: 15)
fuzz: elapsed: 10m57s, execs: 63466737 (96681/sec), new interesting: 0 (total: 15)
fuzz: elapsed: 11m0s, execs: 63759535 (97664/sec), new interesting: 0 (total: 15)
fuzz: elapsed: 11m3s, execs: 64044760 (95047/sec), new interesting: 0 (total: 15)
fuzz: elapsed: 11m6s, execs: 64338555 (97960/sec), new interesting: 0 (total: 15)
fuzz: elapsed: 11m9s, execs: 64629043 (96821/sec), new interesting: 0 (total: 15)
fuzz: elapsed: 11m12s, execs: 64919489 (96824/sec), new interesting: 0 (total: 15)
fuzz: elapsed: 11m15s, execs: 65207345 (95952/sec), new interesting: 0 (total: 15)
fuzz: elapsed: 11m18s, execs: 65497691 (96747/sec), new interesting: 0 (total: 15)
fuzz: elapsed: 11m21s, execs: 65788423 (96945/sec), new interesting: 0 (total: 15)
fuzz: elapsed: 11m24s, execs: 66076007 (95860/sec), new interesting: 0 (total: 15)
fuzz: elapsed: 11m27s, execs: 66368753 (97581/sec), new interesting: 0 (total: 15)
fuzz: elapsed: 11m30s, execs: 66658250 (96501/sec), new interesting: 0 (total: 15)
fuzz: elapsed: 11m33s, execs: 66948812 (96854/sec), new interesting: 0 (total: 15)
fuzz: elapsed: 11m36s, execs: 67238382 (96498/sec), new interesting: 0 (total: 15)
fuzz: elapsed: 11m39s, execs: 67528546 (96740/sec), new interesting: 0 (total: 15)
fuzz: elapsed: 11m42s, execs: 67818737 (96737/sec), new interesting: 0 (total: 15)
fuzz: elapsed: 11m45s, execs: 68106413 (95829/sec), new interesting: 0 (total: 15)
fuzz: elapsed: 11m48s, execs: 68398956 (97579/sec), new interesting: 0 (total: 15)
fuzz: elapsed: 11m51s, execs: 68686518 (95790/sec), new interesting: 0 (total: 15)
fuzz: elapsed: 11m54s, execs: 68976390 (96687/sec), new interesting: 0 (total: 15)
fuzz: elapsed: 11m57s, execs: 69266714 (96776/sec), new interesting: 0 (total: 15)
fuzz: elapsed: 12m0s, execs: 69559736 (97675/sec), new interesting: 0 (total: 15)
fuzz: elapsed: 12m3s, execs: 69847838 (96033/sec), new interesting: 0 (total: 15)
fuzz: elapsed: 12m6s, execs: 70136293 (96152/sec), new interesting: 0 (total: 15)
fuzz: elapsed: 12m9s, execs: 70426791 (96833/sec), new interesting: 0 (total: 15)
fuzz: elapsed: 12m12s, execs: 70717206 (96805/sec), new interesting: 0 (total: 15)
fuzz: elapsed: 12m15s, execs: 71007771 (96855/sec), new interesting: 0 (total: 15)
fuzz: elapsed: 12m18s, execs: 71296062 (96033/sec), new interesting: 0 (total: 15)
fuzz: elapsed: 12m21s, execs: 71588502 (97545/sec), new interesting: 0 (total: 15)
fuzz: elapsed: 12m24s, execs: 71871861 (94453/sec), new interesting: 0 (total: 15)
fuzz: elapsed: 12m27s, execs: 72161592 (96577/sec), new interesting: 0 (total: 15)
fuzz: elapsed: 12m30s, execs: 72452640 (97016/sec), new interesting: 0 (total: 15)
fuzz: elapsed: 12m33s, execs: 72742947 (96768/sec), new interesting: 0 (total: 15)
fuzz: elapsed: 12m36s, execs: 73030408 (95822/sec), new interesting: 0 (total: 15)
fuzz: elapsed: 12m39s, execs: 73320741 (96711/sec), new interesting: 0 (total: 15)
fuzz: elapsed: 12m42s, execs: 73609305 (96254/sec), new interesting: 0 (total: 15)
fuzz: elapsed: 12m45s, execs: 73897097 (95931/sec), new interesting: 0 (total: 15)
fuzz: elapsed: 12m48s, execs: 74183448 (95450/sec), new interesting: 0 (total: 15)
fuzz: elapsed: 12m51s, execs: 74475138 (97230/sec), new interesting: 0 (total: 15)
fuzz: elapsed: 12m54s, execs: 74740302 (88384/sec), new interesting: 0 (total: 15)
fuzz: elapsed: 12m57s, execs: 75009108 (89567/sec), new interesting: 0 (total: 15)
fuzz: elapsed: 13m0s, execs: 75292102 (94374/sec), new interesting: 0 (total: 15)
fuzz: elapsed: 13m3s, execs: 75576657 (94852/sec), new interesting: 0 (total: 15)
fuzz: elapsed: 13m6s, execs: 75866726 (96690/sec), new interesting: 0 (total: 15)
fuzz: elapsed: 13m9s, execs: 76156481 (96582/sec), new interesting: 0 (total: 15)
fuzz: elapsed: 13m12s, execs: 76431246 (91587/sec), new interesting: 0 (total: 15)
fuzz: elapsed: 13m15s, execs: 76723469 (97409/sec), new interesting: 0 (total: 15)
fuzz: elapsed: 13m18s, execs: 77010861 (95794/sec), new interesting: 0 (total: 15)
fuzz: elapsed: 13m21s, execs: 77303866 (97667/sec), new interesting: 0 (total: 15)
fuzz: elapsed: 13m24s, execs: 77592309 (96092/sec), new interesting: 0 (total: 15)
fuzz: elapsed: 13m27s, execs: 77883006 (96963/sec), new interesting: 0 (total: 15)
fuzz: elapsed: 13m30s, execs: 78173316 (96771/sec), new interesting: 0 (total: 15)
fuzz: elapsed: 13m33s, execs: 78465791 (97440/sec), new interesting: 0 (total: 15)
fuzz: elapsed: 13m36s, execs: 78753955 (96104/sec), new interesting: 0 (total: 15)
fuzz: elapsed: 13m39s, execs: 79039644 (95231/sec), new interesting: 0 (total: 15)
fuzz: elapsed: 13m42s, execs: 79331337 (97232/sec), new interesting: 0 (total: 15)
fuzz: elapsed: 13m45s, execs: 79618277 (95635/sec), new interesting: 0 (total: 15)
fuzz: elapsed: 13m48s, execs: 79907484 (96413/sec), new interesting: 0 (total: 15)
fuzz: elapsed: 13m51s, execs: 80197108 (96541/sec), new interesting: 0 (total: 15)
fuzz: elapsed: 13m54s, execs: 80488932 (97267/sec), new interesting: 0 (total: 15)
fuzz: elapsed: 13m57s, execs: 80775884 (95659/sec), new interesting: 0 (total: 15)
fuzz: elapsed: 14m0s, execs: 81062895 (95669/sec), new interesting: 0 (total: 15)
fuzz: elapsed: 14m3s, execs: 81354347 (97151/sec), new interesting: 0 (total: 15)
fuzz: elapsed: 14m6s, execs: 81641101 (95566/sec), new interesting: 0 (total: 15)
fuzz: elapsed: 14m9s, execs: 81929378 (96111/sec), new interesting: 0 (total: 15)
fuzz: elapsed: 14m12s, execs: 82199920 (90180/sec), new interesting: 0 (total: 15)
fuzz: elapsed: 14m15s, execs: 82486640 (95573/sec), new interesting: 0 (total: 15)
fuzz: elapsed: 14m18s, execs: 82778676 (97347/sec), new interesting: 0 (total: 15)
fuzz: elapsed: 14m21s, execs: 83065321 (95485/sec), new interesting: 0 (total: 15)
fuzz: elapsed: 14m24s, execs: 83356180 (97018/sec), new interesting: 0 (total: 15)
fuzz: elapsed: 14m27s, execs: 83643306 (95700/sec), new interesting: 0 (total: 15)
fuzz: elapsed: 14m30s, execs: 83933086 (96602/sec), new interesting: 0 (total: 15)
fuzz: elapsed: 14m33s, execs: 84222327 (96413/sec), new interesting: 0 (total: 15)
fuzz: elapsed: 14m36s, execs: 84509774 (95816/sec), new interesting: 0 (total: 15)
fuzz: elapsed: 14m39s, execs: 84799452 (96559/sec), new interesting: 0 (total: 15)
fuzz: elapsed: 14m42s, execs: 85083482 (94675/sec), new interesting: 0 (total: 15)
fuzz: elapsed: 14m45s, execs: 85364010 (93511/sec), new interesting: 0 (total: 15)
fuzz: elapsed: 14m48s, execs: 85655276 (97025/sec), new interesting: 0 (total: 15)
fuzz: elapsed: 14m51s, execs: 85942588 (95771/sec), new interesting: 0 (total: 15)
fuzz: elapsed: 14m54s, execs: 86234566 (97391/sec), new interesting: 0 (total: 15)
fuzz: elapsed: 14m57s, execs: 86521703 (95711/sec), new interesting: 0 (total: 15)
fuzz: elapsed: 15m0s, execs: 86813241 (97178/sec), new interesting: 0 (total: 15)
fuzz: elapsed: 15m3s, execs: 87100318 (95693/sec), new interesting: 0 (total: 15)
fuzz: elapsed: 15m6s, execs: 87388038 (95904/sec), new interesting: 0 (total: 15)
fuzz: elapsed: 15m9s, execs: 87679867 (97280/sec), new interesting: 0 (total: 15)
fuzz: elapsed: 15m12s, execs: 87966081 (95405/sec), new interesting: 0 (total: 15)
fuzz: elapsed: 15m15s, execs: 88253630 (95849/sec), new interesting: 0 (total: 15)
fuzz: elapsed: 15m18s, execs: 88545122 (97164/sec), new interesting: 0 (total: 15)
fuzz: elapsed: 15m21s, execs: 88832374 (95734/sec), new interesting: 0 (total: 15)
fuzz: elapsed: 15m24s, execs: 89123408 (97029/sec), new interesting: 0 (total: 15)
fuzz: elapsed: 15m27s, execs: 89379548 (85379/sec), new interesting: 0 (total: 15)
fuzz: elapsed: 15m30s, execs: 89652447 (90964/sec), new interesting: 0 (total: 15)
fuzz: elapsed: 15m33s, execs: 89939260 (95607/sec), new interesting: 0 (total: 15)
fuzz: elapsed: 15m36s, execs: 90226185 (95593/sec), new interesting: 0 (total: 15)
fuzz: elapsed: 15m39s, execs: 90517535 (97157/sec), new interesting: 0 (total: 15)
fuzz: elapsed: 15m42s, execs: 90804095 (95529/sec), new interesting: 0 (total: 15)
fuzz: elapsed: 15m45s, execs: 91086964 (94286/sec), new interesting: 0 (total: 15)
fuzz: elapsed: 15m48s, execs: 91376505 (96453/sec), new interesting: 0 (total: 15)
fuzz: elapsed: 15m51s, execs: 91668299 (97329/sec), new interesting: 0 (total: 15)
fuzz: elapsed: 15m54s, execs: 91955369 (95690/sec), new interesting: 0 (total: 15)
fuzz: elapsed: 15m57s, execs: 92245475 (96699/sec), new interesting: 0 (total: 15)
fuzz: elapsed: 16m0s, execs: 92535238 (96590/sec), new interesting: 0 (total: 15)
fuzz: elapsed: 16m3s, execs: 92821927 (95564/sec), new interesting: 0 (total: 15)
fuzz: elapsed: 16m6s, execs: 93112007 (96673/sec), new interesting: 0 (total: 15)
fuzz: elapsed: 16m9s, execs: 93401825 (96626/sec), new interesting: 0 (total: 15)
fuzz: elapsed: 16m12s, execs: 93694287 (97487/sec), new interesting: 0 (total: 15)
fuzz: elapsed: 16m15s, execs: 93981803 (95839/sec), new interesting: 0 (total: 15)
fuzz: elapsed: 16m18s, execs: 94270389 (96195/sec), new interesting: 0 (total: 15)
fuzz: elapsed: 16m21s, execs: 94558162 (95923/sec), new interesting: 0 (total: 15)
fuzz: elapsed: 16m24s, execs: 94842545 (94796/sec), new interesting: 0 (total: 15)
fuzz: elapsed: 16m27s, execs: 95129439 (95567/sec), new interesting: 0 (total: 15)
fuzz: elapsed: 16m30s, execs: 95417887 (96187/sec), new interesting: 0 (total: 15)
fuzz: elapsed: 16m33s, execs: 95709660 (97284/sec), new interesting: 0 (total: 15)
fuzz: elapsed: 16m36s, execs: 95994567 (94969/sec), new interesting: 0 (total: 15)
fuzz: elapsed: 16m39s, execs: 96283777 (96403/sec), new interesting: 0 (total: 15)
fuzz: elapsed: 16m42s, execs: 96576271 (97499/sec), new interesting: 0 (total: 15)
fuzz: elapsed: 16m45s, execs: 96865743 (96491/sec), new interesting: 0 (total: 15)
fuzz: elapsed: 16m48s, execs: 97152056 (95425/sec), new interesting: 0 (total: 15)
fuzz: elapsed: 16m51s, execs: 97441589 (96524/sec), new interesting: 0 (total: 15)
fuzz: elapsed: 16m54s, execs: 97733333 (97248/sec), new interesting: 0 (total: 15)
fuzz: elapsed: 16m57s, execs: 98017562 (94681/sec), new interesting: 0 (total: 15)
fuzz: elapsed: 17m0s, execs: 98305942 (96189/sec), new interesting: 0 (total: 15)
fuzz: elapsed: 17m3s, execs: 98597707 (97191/sec), new interesting: 0 (total: 15)
fuzz: elapsed: 17m6s, execs: 98887160 (96549/sec), new interesting: 0 (total: 15)
fuzz: elapsed: 17m9s, execs: 99171037 (94563/sec), new interesting: 0 (total: 15)
fuzz: elapsed: 17m12s, execs: 99462534 (97206/sec), new interesting: 0 (total: 15)
fuzz: elapsed: 17m15s, execs: 99753940 (97160/sec), new interesting: 0 (total: 15)
fuzz: elapsed: 17m18s, execs: 100038641 (94898/sec), new interesting: 0 (total: 15)
fuzz: elapsed: 17m21s, execs: 100328443 (96591/sec), new interesting: 0 (total: 15)
fuzz: elapsed: 17m24s, execs: 100618461 (96682/sec), new interesting: 0 (total: 15)
fuzz: elapsed: 17m27s, execs: 100907879 (96476/sec), new interesting: 0 (total: 15)
fuzz: elapsed: 17m30s, execs: 101193249 (95060/sec), new interesting: 0 (total: 15)
fuzz: elapsed: 17m33s, execs: 101485051 (97312/sec), new interesting: 0 (total: 15)
fuzz: elapsed: 17m36s, execs: 101777269 (97362/sec), new interesting: 0 (total: 15)
fuzz: elapsed: 17m39s, execs: 102061960 (94960/sec), new interesting: 0 (total: 15)
fuzz: elapsed: 17m42s, execs: 102351494 (96447/sec), new interesting: 0 (total: 15)
fuzz: elapsed: 17m45s, execs: 102643339 (97346/sec), new interesting: 0 (total: 15)
fuzz: elapsed: 17m48s, execs: 102933233 (96633/sec), new interesting: 0 (total: 15)
fuzz: elapsed: 17m51s, execs: 103210777 (92514/sec), new interesting: 0 (total: 15)
fuzz: elapsed: 17m54s, execs: 103500926 (96653/sec), new interesting: 0 (total: 15)
fuzz: elapsed: 17m57s, execs: 103792716 (97263/sec), new interesting: 0 (total: 15)
fuzz: elapsed: 18m0s, execs: 104075272 (94248/sec), new interesting: 0 (total: 15)
fuzz: elapsed: 18m3s, execs: 104365963 (96862/sec), new interesting: 0 (total: 15)
fuzz: elapsed: 18m6s, execs: 104657239 (97129/sec), new interesting: 0 (total: 15)
fuzz: elapsed: 18m9s, execs: 104949669 (97428/sec), new interesting: 0 (total: 15)
fuzz: elapsed: 18m12s, execs: 105234981 (95151/sec), new interesting: 0 (total: 15)
fuzz: elapsed: 18m15s, execs: 105525155 (96661/sec), new interesting: 0 (total: 15)
fuzz: elapsed: 18m18s, execs: 105818068 (97702/sec), new interesting: 0 (total: 15)
fuzz: elapsed: 18m21s, execs: 106103123 (95018/sec), new interesting: 0 (total: 15)
fuzz: elapsed: 18m24s, execs: 106393052 (96643/sec), new interesting: 0 (total: 15)
fuzz: elapsed: 18m27s, execs: 106686229 (97727/sec), new interesting: 0 (total: 15)
fuzz: elapsed: 18m30s, execs: 106979247 (97607/sec), new interesting: 0 (total: 15)
fuzz: elapsed: 18m33s, execs: 107264824 (95256/sec), new interesting: 0 (total: 15)
fuzz: elapsed: 18m36s, execs: 107555713 (96962/sec), new interesting: 0 (total: 15)
fuzz: elapsed: 18m39s, execs: 107847748 (97345/sec), new interesting: 0 (total: 15)
fuzz: elapsed: 18m42s, execs: 108132401 (94852/sec), new interesting: 0 (total: 15)
fuzz: elapsed: 18m45s, execs: 108421590 (96388/sec), new interesting: 0 (total: 15)
fuzz: elapsed: 18m48s, execs: 108713014 (97184/sec), new interesting: 0 (total: 15)
fuzz: elapsed: 18m51s, execs: 109005168 (97385/sec), new interesting: 0 (total: 15)
fuzz: elapsed: 18m54s, execs: 109289860 (94896/sec), new interesting: 0 (total: 15)
fuzz: elapsed: 18m57s, execs: 109579329 (96426/sec), new interesting: 0 (total: 15)
fuzz: elapsed: 19m0s, execs: 109870275 (96994/sec), new interesting: 0 (total: 15)
fuzz: elapsed: 19m3s, execs: 110157556 (95811/sec), new interesting: 0 (total: 15)
fuzz: elapsed: 19m6s, execs: 110446799 (96415/sec), new interesting: 0 (total: 15)
fuzz: elapsed: 19m9s, execs: 110736035 (96402/sec), new interesting: 0 (total: 15)
fuzz: elapsed: 19m12s, execs: 111028005 (97334/sec), new interesting: 0 (total: 15)
fuzz: elapsed: 19m15s, execs: 111314798 (95598/sec), new interesting: 0 (total: 15)
fuzz: elapsed: 19m18s, execs: 111602095 (95702/sec), new interesting: 0 (total: 15)
fuzz: elapsed: 19m21s, execs: 111893642 (97247/sec), new interesting: 0 (total: 15)
fuzz: elapsed: 19m24s, execs: 112180496 (95618/sec), new interesting: 0 (total: 15)
fuzz: elapsed: 19m27s, execs: 112469779 (96428/sec), new interesting: 0 (total: 15)
fuzz: elapsed: 19m30s, execs: 112759384 (96535/sec), new interesting: 0 (total: 15)
fuzz: elapsed: 19m33s, execs: 113046998 (95871/sec), new interesting: 0 (total: 15)
fuzz: elapsed: 19m36s, execs: 113336587 (96529/sec), new interesting: 0 (total: 15)
fuzz: elapsed: 19m39s, execs: 113625965 (96396/sec), new interesting: 0 (total: 15)
fuzz: elapsed: 19m42s, execs: 113918254 (97495/sec), new interesting: 0 (total: 15)
fuzz: elapsed: 19m45s, execs: 114206700 (96148/sec), new interesting: 0 (total: 15)
fuzz: elapsed: 19m48s, execs: 114491465 (94921/sec), new interesting: 0 (total: 15)
fuzz: elapsed: 19m51s, execs: 114783666 (97401/sec), new interesting: 0 (total: 15)
fuzz: elapsed: 19m54s, execs: 115073590 (96641/sec), new interesting: 0 (total: 15)
fuzz: elapsed: 19m57s, execs: 115362936 (96448/sec), new interesting: 0 (total: 15)
fuzz: elapsed: 20m0s, execs: 115645114 (94059/sec), new interesting: 0 (total: 15)
fuzz: elapsed: 20m3s, execs: 115933163 (96016/sec), new interesting: 0 (total: 15)
fuzz: elapsed: 20m6s, execs: 116222232 (96355/sec), new interesting: 0 (total: 15)
fuzz: elapsed: 20m9s, execs: 116506491 (94754/sec), new interesting: 0 (total: 15)
fuzz: elapsed: 20m12s, execs: 116797779 (97095/sec), new interesting: 0 (total: 15)
fuzz: elapsed: 20m15s, execs: 117086361 (96167/sec), new interesting: 0 (total: 15)
fuzz: elapsed: 20m18s, execs: 117372660 (95437/sec), new interesting: 0 (total: 15)
fuzz: elapsed: 20m21s, execs: 117665460 (97625/sec), new interesting: 0 (total: 15)
fuzz: elapsed: 20m24s, execs: 117954943 (96494/sec), new interesting: 0 (total: 15)
fuzz: elapsed: 20m27s, execs: 118246059 (97039/sec), new interesting: 0 (total: 15)
fuzz: elapsed: 20m30s, execs: 118529344 (94427/sec), new interesting: 0 (total: 15)
fuzz: elapsed: 20m33s, execs: 118819636 (96700/sec), new interesting: 0 (total: 15)
fuzz: elapsed: 20m36s, execs: 119112549 (97702/sec), new interesting: 0 (total: 15)
fuzz: elapsed: 20m39s, execs: 119402886 (96778/sec), new interesting: 0 (total: 15)
fuzz: elapsed: 20m42s, execs: 119691170 (96032/sec), new interesting: 0 (total: 15)
fuzz: elapsed: 20m45s, execs: 119981403 (96809/sec), new interesting: 0 (total: 15)
fuzz: elapsed: 20m48s, execs: 120274242 (97613/sec), new interesting: 0 (total: 15)
fuzz: elapsed: 20m51s, execs: 120559719 (95158/sec), new interesting: 0 (total: 15)
fuzz: elapsed: 20m54s, execs: 120850238 (96841/sec), new interesting: 0 (total: 15)
fuzz: elapsed: 20m57s, execs: 121142076 (97278/sec), new interesting: 0 (total: 15)
fuzz: elapsed: 21m0s, execs: 121432490 (96805/sec), new interesting: 0 (total: 15)
fuzz: elapsed: 21m3s, execs: 121722714 (96741/sec), new interesting: 0 (total: 15)
fuzz: elapsed: 21m6s, execs: 122006283 (94522/sec), new interesting: 0 (total: 15)
fuzz: elapsed: 21m9s, execs: 122299260 (97658/sec), new interesting: 0 (total: 15)
fuzz: elapsed: 21m12s, execs: 122587217 (95925/sec), new interesting: 0 (total: 15)
fuzz: elapsed: 21m15s, execs: 122877421 (96799/sec), new interesting: 0 (total: 15)
fuzz: elapsed: 21m18s, execs: 123167712 (96700/sec), new interesting: 0 (total: 15)
fuzz: elapsed: 21m21s, execs: 123460086 (97485/sec), new interesting: 0 (total: 15)
fuzz: elapsed: 21m24s, execs: 123747417 (95814/sec), new interesting: 0 (total: 15)
fuzz: elapsed: 21m27s, execs: 124035506 (96030/sec), new interesting: 0 (total: 15)
fuzz: elapsed: 21m30s, execs: 124328033 (97504/sec), new interesting: 0 (total: 15)
fuzz: elapsed: 21m33s, execs: 124620844 (97609/sec), new interesting: 0 (total: 15)
fuzz: elapsed: 21m36s, execs: 124908841 (95999/sec), new interesting: 0 (total: 15)
fuzz: elapsed: 21m39s, execs: 125196811 (95990/sec), new interesting: 0 (total: 15)
fuzz: elapsed: 21m42s, execs: 125489393 (97527/sec), new interesting: 0 (total: 15)
fuzz: elapsed: 21m45s, execs: 125779724 (96777/sec), new interesting: 0 (total: 15)
fuzz: elapsed: 21m48s, execs: 126065085 (95121/sec), new interesting: 0 (total: 15)
fuzz: elapsed: 21m51s, execs: 126358105 (97673/sec), new interesting: 0 (total: 15)
fuzz: elapsed: 21m54s, execs: 126651069 (97654/sec), new interesting: 0 (total: 15)
fuzz: elapsed: 21m57s, execs: 126938903 (95939/sec), new interesting: 0 (total: 15)
fuzz: elapsed: 22m0s, execs: 127226966 (96028/sec), new interesting: 0 (total: 15)
fuzz: elapsed: 22m3s, execs: 127520178 (97670/sec), new interesting: 0 (total: 15)
fuzz: elapsed: 22m6s, execs: 127812979 (97668/sec), new interesting: 0 (total: 15)
fuzz: elapsed: 22m9s, execs: 128096362 (94397/sec), new interesting: 0 (total: 15)
fuzz: elapsed: 22m12s, execs: 128388906 (97580/sec), new interesting: 0 (total: 15)
fuzz: elapsed: 22m15s, execs: 128681503 (97532/sec), new interesting: 0 (total: 15)
fuzz: elapsed: 22m18s, execs: 128971688 (96729/sec), new interesting: 0 (total: 15)
fuzz: elapsed: 22m21s, execs: 129256931 (95081/sec), new interesting: 0 (total: 15)
fuzz: elapsed: 22m24s, execs: 129548072 (97030/sec), new interesting: 0 (total: 15)
fuzz: elapsed: 22m27s, execs: 129840527 (97502/sec), new interesting: 0 (total: 15)
fuzz: elapsed: 22m30s, execs: 130122686 (93991/sec), new interesting: 0 (total: 15)
fuzz: elapsed: 22m33s, execs: 130414947 (97420/sec), new interesting: 0 (total: 15)
fuzz: elapsed: 22m36s, execs: 130707603 (97606/sec), new interesting: 0 (total: 15)
fuzz: elapsed: 22m39s, execs: 130998994 (97142/sec), new interesting: 0 (total: 15)
fuzz: elapsed: 22m42s, execs: 131284450 (95150/sec), new interesting: 0 (total: 15)
fuzz: elapsed: 22m45s, execs: 131577499 (97685/sec), new interesting: 0 (total: 15)
fuzz: elapsed: 22m48s, execs: 131867726 (96742/sec), new interesting: 0 (total: 15)
fuzz: elapsed: 22m51s, execs: 132152543 (94939/sec), new interesting: 0 (total: 15)
fuzz: elapsed: 22m54s, execs: 132445420 (97626/sec), new interesting: 0 (total: 15)
fuzz: elapsed: 22m57s, execs: 132737070 (97215/sec), new interesting: 0 (total: 15)
fuzz: elapsed: 23m0s, execs: 133026854 (96595/sec), new interesting: 0 (total: 15)
fuzz: elapsed: 23m3s, execs: 133312184 (95047/sec), new interesting: 0 (total: 15)
fuzz: elapsed: 23m6s, execs: 133603814 (97210/sec), new interesting: 0 (total: 15)
fuzz: elapsed: 23m9s, execs: 133893682 (96687/sec), new interesting: 0 (total: 15)
fuzz: elapsed: 23m12s, execs: 134178613 (94977/sec), new interesting: 0 (total: 15)
fuzz: elapsed: 23m15s, execs: 134471292 (97560/sec), new interesting: 0 (total: 15)
fuzz: elapsed: 23m18s, execs: 134763123 (97277/sec), new interesting: 0 (total: 15)
fuzz: elapsed: 23m21s, execs: 135051106 (95994/sec), new interesting: 0 (total: 15)
fuzz: elapsed: 23m24s, execs: 135338946 (95910/sec), new interesting: 0 (total: 15)
fuzz: elapsed: 23m27s, execs: 135631284 (97483/sec), new interesting: 0 (total: 15)
fuzz: elapsed: 23m30s, execs: 135923940 (97551/sec), new interesting: 0 (total: 15)
fuzz: elapsed: 23m33s, execs: 136207088 (94384/sec), new interesting: 0 (total: 15)
fuzz: elapsed: 23m36s, execs: 136499664 (97525/sec), new interesting: 0 (total: 15)
fuzz: elapsed: 23m39s, execs: 136792076 (97471/sec), new interesting: 0 (total: 15)
fuzz: elapsed: 23m42s, execs: 137082494 (96806/sec), new interesting: 0 (total: 15)
fuzz: elapsed: 23m45s, execs: 137367885 (95129/sec), new interesting: 0 (total: 15)
fuzz: elapsed: 23m48s, execs: 137660437 (97519/sec), new interesting: 0 (total: 15)
fuzz: elapsed: 23m51s, execs: 137952987 (97517/sec), new interesting: 0 (total: 15)
fuzz: elapsed: 23m54s, execs: 138235279 (94098/sec), new interesting: 0 (total: 15)
fuzz: elapsed: 23m57s, execs: 138528228 (97627/sec), new interesting: 0 (total: 15)
fuzz: elapsed: 24m0s, execs: 138821300 (97648/sec), new interesting: 0 (total: 15)
fuzz: elapsed: 24m3s, execs: 139104427 (94439/sec), new interesting: 0 (total: 15)
fuzz: elapsed: 24m6s, execs: 139397207 (97593/sec), new interesting: 0 (total: 15)
fuzz: elapsed: 24m9s, execs: 139690025 (97606/sec), new interesting: 0 (total: 15)
fuzz: elapsed: 24m12s, execs: 139982564 (97506/sec), new interesting: 0 (total: 15)
fuzz: elapsed: 24m15s, execs: 140265647 (94305/sec), new interesting: 0 (total: 15)
fuzz: elapsed: 24m18s, execs: 140558522 (97668/sec), new interesting: 0 (total: 15)
fuzz: elapsed: 24m21s, execs: 140850871 (97407/sec), new interesting: 0 (total: 15)
fuzz: elapsed: 24m24s, execs: 141131772 (93696/sec), new interesting: 0 (total: 15)
fuzz: elapsed: 24m27s, execs: 141424241 (97490/sec), new interesting: 0 (total: 15)
fuzz: elapsed: 24m30s, execs: 141717064 (97544/sec), new interesting: 0 (total: 15)
fuzz: elapsed: 24m33s, execs: 142010088 (97737/sec), new interesting: 0 (total: 15)
fuzz: elapsed: 24m36s, execs: 142292852 (94256/sec), new interesting: 0 (total: 15)
fuzz: elapsed: 24m39s, execs: 142585666 (97603/sec), new interesting: 0 (total: 15)
fuzz: elapsed: 24m42s, execs: 142878437 (97592/sec), new interesting: 0 (total: 15)
fuzz: elapsed: 24m45s, execs: 143161894 (94485/sec), new interesting: 0 (total: 15)
fuzz: elapsed: 24m48s, execs: 143454806 (97582/sec), new interesting: 0 (total: 15)
fuzz: elapsed: 24m51s, execs: 143747633 (97610/sec), new interesting: 0 (total: 15)
fuzz: elapsed: 24m54s, execs: 144039789 (97440/sec), new interesting: 0 (total: 15)
fuzz: elapsed: 24m57s, execs: 144322985 (94399/sec), new interesting: 0 (total: 15)
fuzz: elapsed: 25m0s, execs: 144615816 (97610/sec), new interesting: 0 (total: 15)
fuzz: elapsed: 25m3s, execs: 144908185 (97434/sec), new interesting: 0 (total: 15)
fuzz: elapsed: 25m6s, execs: 145190639 (94110/sec), new interesting: 0 (total: 15)
fuzz: elapsed: 25m9s, execs: 145483400 (97652/sec), new interesting: 0 (total: 15)
fuzz: elapsed: 25m12s, execs: 145776022 (97541/sec), new interesting: 0 (total: 15)
fuzz: elapsed: 25m15s, execs: 146068480 (97486/sec), new interesting: 0 (total: 15)
fuzz: elapsed: 25m18s, execs: 146351508 (94343/sec), new interesting: 0 (total: 15)
fuzz: elapsed: 25m21s, execs: 146644297 (97596/sec), new interesting: 0 (total: 15)
fuzz: elapsed: 25m24s, execs: 146936744 (97482/sec), new interesting: 0 (total: 15)
fuzz: elapsed: 25m27s, execs: 147220249 (94502/sec), new interesting: 0 (total: 15)
fuzz: elapsed: 25m30s, execs: 147513330 (97669/sec), new interesting: 0 (total: 15)
fuzz: elapsed: 25m33s, execs: 147806239 (97659/sec), new interesting: 0 (total: 15)
fuzz: elapsed: 25m36s, execs: 148099028 (97598/sec), new interesting: 0 (total: 15)
fuzz: elapsed: 25m39s, execs: 148382084 (94352/sec), new interesting: 0 (total: 15)
fuzz: elapsed: 25m42s, execs: 148674858 (97592/sec), new interesting: 0 (total: 15)
fuzz: elapsed: 25m45s, execs: 148965849 (96996/sec), new interesting: 0 (total: 15)
fuzz: elapsed: 25m48s, execs: 149248452 (94139/sec), new interesting: 0 (total: 15)
fuzz: elapsed: 25m51s, execs: 149541077 (97542/sec), new interesting: 0 (total: 15)
fuzz: elapsed: 25m54s, execs: 149833721 (97613/sec), new interesting: 0 (total: 15)
fuzz: elapsed: 25m57s, execs: 150126227 (97502/sec), new interesting: 0 (total: 15)
fuzz: elapsed: 26m0s, execs: 150409303 (94296/sec), new interesting: 0 (total: 15)
fuzz: elapsed: 26m3s, execs: 150701334 (97409/sec), new interesting: 0 (total: 15)
fuzz: elapsed: 26m6s, execs: 150993721 (97452/sec), new interesting: 0 (total: 15)
fuzz: elapsed: 26m9s, execs: 151277129 (94416/sec), new interesting: 0 (total: 15)
fuzz: elapsed: 26m12s, execs: 151569681 (97583/sec), new interesting: 0 (total: 15)
fuzz: elapsed: 26m15s, execs: 151862146 (97488/sec), new interesting: 0 (total: 15)
fuzz: elapsed: 26m18s, execs: 152153557 (97137/sec), new interesting: 0 (total: 15)
fuzz: elapsed: 26m21s, execs: 152439467 (95240/sec), new interesting: 0 (total: 15)
fuzz: elapsed: 26m24s, execs: 152732446 (97723/sec), new interesting: 0 (total: 15)
fuzz: elapsed: 26m27s, execs: 153022669 (96738/sec), new interesting: 0 (total: 15)
fuzz: elapsed: 26m30s, execs: 153307770 (95037/sec), new interesting: 0 (total: 15)
fuzz: elapsed: 26m33s, execs: 153600625 (97615/sec), new interesting: 0 (total: 15)
fuzz: elapsed: 26m36s, execs: 153893055 (97481/sec), new interesting: 0 (total: 15)
fuzz: elapsed: 26m39s, execs: 154183224 (96723/sec), new interesting: 0 (total: 15)
fuzz: elapsed: 26m42s, execs: 154468362 (95007/sec), new interesting: 0 (total: 15)
fuzz: elapsed: 26m45s, execs: 154757491 (96416/sec), new interesting: 0 (total: 15)
fuzz: elapsed: 26m48s, execs: 155048054 (96789/sec), new interesting: 0 (total: 15)
fuzz: elapsed: 26m51s, execs: 155333681 (95272/sec), new interesting: 0 (total: 15)
fuzz: elapsed: 26m54s, execs: 155626400 (97573/sec), new interesting: 0 (total: 15)
fuzz: elapsed: 26m57s, execs: 155919246 (97614/sec), new interesting: 0 (total: 15)
fuzz: elapsed: 27m0s, execs: 156209643 (96800/sec), new interesting: 0 (total: 15)
fuzz: elapsed: 27m3s, execs: 156494848 (95005/sec), new interesting: 0 (total: 15)
fuzz: elapsed: 27m6s, execs: 156787692 (97671/sec), new interesting: 0 (total: 15)
fuzz: elapsed: 27m9s, execs: 157080755 (97695/sec), new interesting: 0 (total: 15)
fuzz: elapsed: 27m12s, execs: 157363315 (94125/sec), new interesting: 0 (total: 15)
fuzz: elapsed: 27m15s, execs: 157656184 (97688/sec), new interesting: 0 (total: 15)
fuzz: elapsed: 27m18s, execs: 157948542 (97388/sec), new interesting: 0 (total: 15)
fuzz: elapsed: 27m21s, execs: 158238639 (96720/sec), new interesting: 0 (total: 15)
fuzz: elapsed: 27m24s, execs: 158523343 (94944/sec), new interesting: 0 (total: 15)
fuzz: elapsed: 27m27s, execs: 158814356 (97002/sec), new interesting: 0 (total: 15)
fuzz: elapsed: 27m30s, execs: 159106000 (97216/sec), new interesting: 0 (total: 15)
fuzz: elapsed: 27m33s, execs: 159391442 (95147/sec), new interesting: 0 (total: 15)
fuzz: elapsed: 27m36s, execs: 159684365 (97640/sec), new interesting: 0 (total: 15)
fuzz: elapsed: 27m39s, execs: 159975222 (96955/sec), new interesting: 0 (total: 15)
fuzz: elapsed: 27m42s, execs: 160265702 (96826/sec), new interesting: 0 (total: 15)
fuzz: elapsed: 27m45s, execs: 160553234 (95844/sec), new interesting: 0 (total: 15)
fuzz: elapsed: 27m48s, execs: 160843524 (96699/sec), new interesting: 0 (total: 15)
fuzz: elapsed: 27m51s, execs: 161136110 (97594/sec), new interesting: 0 (total: 15)
fuzz: elapsed: 27m54s, execs: 161421222 (95037/sec), new interesting: 0 (total: 15)
fuzz: elapsed: 27m57s, execs: 161714125 (97634/sec), new interesting: 0 (total: 15)
fuzz: elapsed: 28m0s, execs: 162004504 (96794/sec), new interesting: 0 (total: 15)
fuzz: elapsed: 28m3s, execs: 162297479 (97659/sec), new interesting: 0 (total: 15)
fuzz: elapsed: 28m6s, execs: 162583064 (95195/sec), new interesting: 0 (total: 15)
fuzz: elapsed: 28m9s, execs: 162873587 (96841/sec), new interesting: 0 (total: 15)
fuzz: elapsed: 28m12s, execs: 163166662 (97692/sec), new interesting: 0 (total: 15)
fuzz: elapsed: 28m15s, execs: 163459451 (97595/sec), new interesting: 0 (total: 15)
fuzz: elapsed: 28m18s, execs: 163745054 (95202/sec), new interesting: 0 (total: 15)
fuzz: elapsed: 28m21s, execs: 164035612 (96853/sec), new interesting: 0 (total: 15)
fuzz: elapsed: 28m24s, execs: 164328232 (97541/sec), new interesting: 0 (total: 15)
fuzz: elapsed: 28m27s, execs: 164613533 (95034/sec), new interesting: 0 (total: 15)
fuzz: elapsed: 28m30s, execs: 164903797 (96790/sec), new interesting: 0 (total: 15)
fuzz: elapsed: 28m33s, execs: 165196563 (97620/sec), new interesting: 0 (total: 15)
fuzz: elapsed: 28m36s, execs: 165488456 (97298/sec), new interesting: 0 (total: 15)
fuzz: elapsed: 28m39s, execs: 165773763 (95098/sec), new interesting: 0 (total: 15)
fuzz: elapsed: 28m42s, execs: 166063840 (96696/sec), new interesting: 0 (total: 15)
fuzz: elapsed: 28m45s, execs: 166356114 (97411/sec), new interesting: 0 (total: 15)
fuzz: elapsed: 28m48s, execs: 166644280 (96068/sec), new interesting: 0 (total: 15)
fuzz: elapsed: 28m51s, execs: 166934572 (96764/sec), new interesting: 0 (total: 15)
fuzz: elapsed: 28m54s, execs: 167224425 (96553/sec), new interesting: 0 (total: 15)
fuzz: elapsed: 28m57s, execs: 167517272 (97681/sec), new interesting: 0 (total: 15)
fuzz: elapsed: 29m0s, execs: 167803133 (95287/sec), new interesting: 0 (total: 15)
fuzz: elapsed: 29m3s, execs: 168093287 (96718/sec), new interesting: 0 (total: 15)
fuzz: elapsed: 29m6s, execs: 168386413 (97709/sec), new interesting: 0 (total: 15)
fuzz: elapsed: 29m9s, execs: 168674206 (95930/sec), new interesting: 0 (total: 15)
fuzz: elapsed: 29m12s, execs: 168964339 (96705/sec), new interesting: 0 (total: 15)
fuzz: elapsed: 29m15s, execs: 169254756 (96812/sec), new interesting: 0 (total: 15)
fuzz: elapsed: 29m18s, execs: 169547683 (97578/sec), new interesting: 0 (total: 15)
fuzz: elapsed: 29m21s, execs: 169832763 (95090/sec), new interesting: 0 (total: 15)
fuzz: elapsed: 29m24s, execs: 170122990 (96678/sec), new interesting: 0 (total: 15)
fuzz: elapsed: 29m27s, execs: 170415901 (97701/sec), new interesting: 0 (total: 15)
fuzz: elapsed: 29m30s, execs: 170707924 (97297/sec), new interesting: 0 (total: 15)
fuzz: elapsed: 29m33s, execs: 170993814 (95340/sec), new interesting: 0 (total: 15)
fuzz: elapsed: 29m36s, execs: 171286242 (97476/sec), new interesting: 0 (total: 15)
fuzz: elapsed: 29m39s, execs: 171576383 (96714/sec), new interesting: 0 (total: 15)
fuzz: elapsed: 29m42s, execs: 171864327 (95981/sec), new interesting: 0 (total: 15)
fuzz: elapsed: 29m45s, execs: 172154799 (96824/sec), new interesting: 0 (total: 15)
fuzz: elapsed: 29m48s, execs: 172447655 (97618/sec), new interesting: 0 (total: 15)
fuzz: elapsed: 29m51s, execs: 172737978 (96775/sec), new interesting: 0 (total: 15)
fuzz: elapsed: 29m54s, execs: 173023198 (95073/sec), new interesting: 0 (total: 15)
fuzz: elapsed: 29m57s, execs: 173316269 (97690/sec), new interesting: 0 (total: 15)
fuzz: elapsed: 30m0s, execs: 173609458 (97673/sec), new interesting: 0 (total: 15)
fuzz: elapsed: 30m3s, execs: 173899656 (96789/sec), new interesting: 0 (total: 15)
fuzz: elapsed: 30m6s, execs: 174185166 (95169/sec), new interesting: 0 (total: 15)
fuzz: elapsed: 30m9s, execs: 174477990 (97608/sec), new interesting: 0 (total: 15)
fuzz: elapsed: 30m12s, execs: 174768355 (96750/sec), new interesting: 0 (total: 15)
fuzz: elapsed: 30m15s, execs: 175052909 (94889/sec), new interesting: 0 (total: 15)
fuzz: elapsed: 30m18s, execs: 175346022 (97701/sec), new interesting: 0 (total: 15)
fuzz: elapsed: 30m21s, execs: 175638864 (97618/sec), new interesting: 0 (total: 15)
fuzz: elapsed: 30m24s, execs: 175924944 (95360/sec), new interesting: 0 (total: 15)
fuzz: elapsed: 30m27s, execs: 176212818 (95958/sec), new interesting: 0 (total: 15)
fuzz: elapsed: 30m30s, execs: 176505980 (97717/sec), new interesting: 0 (total: 15)
fuzz: elapsed: 30m33s, execs: 176793179 (95737/sec), new interesting: 0 (total: 15)
fuzz: elapsed: 30m36s, execs: 177081132 (95921/sec), new interesting: 0 (total: 15)
fuzz: elapsed: 30m39s, execs: 177373616 (97558/sec), new interesting: 0 (total: 15)
fuzz: elapsed: 30m42s, execs: 177663858 (96746/sec), new interesting: 0 (total: 15)
fuzz: elapsed: 30m45s, execs: 177953765 (96633/sec), new interesting: 0 (total: 15)
fuzz: elapsed: 30m48s, execs: 178240217 (95484/sec), new interesting: 0 (total: 15)
fuzz: elapsed: 30m51s, execs: 178533059 (97620/sec), new interesting: 0 (total: 15)
fuzz: elapsed: 30m54s, execs: 178813502 (93466/sec), new interesting: 0 (total: 15)
fuzz: elapsed: 30m57s, execs: 179101710 (96085/sec), new interesting: 0 (total: 15)
fuzz: elapsed: 31m0s, execs: 179394316 (97535/sec), new interesting: 0 (total: 15)
fuzz: elapsed: 31m3s, execs: 179687185 (97614/sec), new interesting: 0 (total: 15)
fuzz: elapsed: 31m6s, execs: 179975179 (96008/sec), new interesting: 0 (total: 15)
fuzz: elapsed: 31m9s, execs: 180263113 (95929/sec), new interesting: 0 (total: 15)
fuzz: elapsed: 31m12s, execs: 180555687 (97574/sec), new interesting: 0 (total: 15)
fuzz: elapsed: 31m15s, execs: 180843457 (95924/sec), new interesting: 0 (total: 15)
fuzz: elapsed: 31m18s, execs: 181130878 (95807/sec), new interesting: 0 (total: 15)
fuzz: elapsed: 31m21s, execs: 181421111 (96743/sec), new interesting: 0 (total: 15)
fuzz: elapsed: 31m24s, execs: 181713445 (97446/sec), new interesting: 0 (total: 15)
fuzz: elapsed: 31m27s, execs: 182001534 (96025/sec), new interesting: 0 (total: 15)
fuzz: elapsed: 31m30s, execs: 182289697 (96059/sec), new interesting: 0 (total: 15)
fuzz: elapsed: 31m33s, execs: 182581794 (97365/sec), new interesting: 0 (total: 15)
fuzz: elapsed: 31m36s, execs: 182874412 (97540/sec), new interesting: 0 (total: 15)
fuzz: elapsed: 31m39s, execs: 183162332 (95974/sec), new interesting: 0 (total: 15)
fuzz: elapsed: 31m42s, execs: 183450185 (95887/sec), new interesting: 0 (total: 15)
fuzz: elapsed: 31m45s, execs: 183742683 (97565/sec), new interesting: 0 (total: 15)
fuzz: elapsed: 31m48s, execs: 184029830 (95715/sec), new interesting: 0 (total: 15)
fuzz: elapsed: 31m51s, execs: 184317956 (96042/sec), new interesting: 0 (total: 15)
fuzz: elapsed: 31m54s, execs: 184606986 (96280/sec), new interesting: 0 (total: 15)
fuzz: elapsed: 31m57s, execs: 184900262 (97823/sec), new interesting: 0 (total: 15)
fuzz: elapsed: 32m0s, execs: 185190494 (96745/sec), new interesting: 0 (total: 15)
fuzz: elapsed: 32m3s, execs: 185475801 (95039/sec), new interesting: 0 (total: 15)
fuzz: elapsed: 32m6s, execs: 185768187 (97523/sec), new interesting: 0 (total: 15)
fuzz: elapsed: 32m9s, execs: 186060996 (97540/sec), new interesting: 0 (total: 15)
fuzz: elapsed: 32m12s, execs: 186351405 (96866/sec), new interesting: 0 (total: 15)
fuzz: elapsed: 32m15s, execs: 186637391 (95332/sec), new interesting: 0 (total: 15)
fuzz: elapsed: 32m18s, execs: 186930375 (97629/sec), new interesting: 0 (total: 15)
fuzz: elapsed: 32m21s, execs: 187220754 (96825/sec), new interesting: 0 (total: 15)
fuzz: elapsed: 32m24s, execs: 187505241 (94800/sec), new interesting: 0 (total: 15)
fuzz: elapsed: 32m27s, execs: 187797270 (97372/sec), new interesting: 0 (total: 15)
fuzz: elapsed: 32m30s, execs: 188090252 (97657/sec), new interesting: 0 (total: 15)
fuzz: elapsed: 32m33s, execs: 188380638 (96799/sec), new interesting: 0 (total: 15)
fuzz: elapsed: 32m36s, execs: 188666149 (95152/sec), new interesting: 0 (total: 15)
fuzz: elapsed: 32m39s, execs: 188958713 (97540/sec), new interesting: 0 (total: 15)
fuzz: elapsed: 32m42s, execs: 189251411 (97565/sec), new interesting: 0 (total: 15)
fuzz: elapsed: 32m45s, execs: 189534310 (94271/sec), new interesting: 0 (total: 15)
fuzz: elapsed: 32m48s, execs: 189826631 (97471/sec), new interesting: 0 (total: 15)
fuzz: elapsed: 32m51s, execs: 190119204 (97460/sec), new interesting: 0 (total: 15)
fuzz: elapsed: 32m54s, execs: 190409501 (96822/sec), new interesting: 0 (total: 15)
fuzz: elapsed: 32m57s, execs: 190694922 (95142/sec), new interesting: 0 (total: 15)
fuzz: elapsed: 33m0s, execs: 190986352 (97148/sec), new interesting: 0 (total: 15)
fuzz: elapsed: 33m3s, execs: 191278598 (97416/sec), new interesting: 0 (total: 15)
fuzz: elapsed: 33m6s, execs: 191563940 (95114/sec), new interesting: 0 (total: 15)
fuzz: elapsed: 33m9s, execs: 191855894 (97296/sec), new interesting: 0 (total: 15)
fuzz: elapsed: 33m12s, execs: 192146721 (96965/sec), new interesting: 0 (total: 15)
fuzz: elapsed: 33m15s, execs: 192439515 (97597/sec), new interesting: 0 (total: 15)
fuzz: elapsed: 33m18s, execs: 192725109 (95198/sec), new interesting: 0 (total: 15)
fuzz: elapsed: 33m21s, execs: 193015499 (96796/sec), new interesting: 0 (total: 15)
fuzz: elapsed: 33m24s, execs: 193308053 (97518/sec), new interesting: 0 (total: 15)
fuzz: elapsed: 33m27s, execs: 193595668 (95870/sec), new interesting: 0 (total: 15)
fuzz: elapsed: 33m30s, execs: 193886156 (96831/sec), new interesting: 0 (total: 15)
fuzz: elapsed: 33m33s, execs: 194176837 (96894/sec), new interesting: 0 (total: 15)
fuzz: elapsed: 33m36s, execs: 194469583 (97582/sec), new interesting: 0 (total: 15)
fuzz: elapsed: 33m39s, execs: 194756135 (95517/sec), new interesting: 0 (total: 15)
fuzz: elapsed: 33m42s, execs: 195046552 (96742/sec), new interesting: 0 (total: 15)
fuzz: elapsed: 33m45s, execs: 195337072 (96901/sec), new interesting: 0 (total: 15)
fuzz: elapsed: 33m48s, execs: 195627486 (96807/sec), new interesting: 0 (total: 15)
fuzz: elapsed: 33m51s, execs: 195917801 (96767/sec), new interesting: 0 (total: 15)
fuzz: elapsed: 33m54s, execs: 196208081 (96765/sec), new interesting: 0 (total: 15)
fuzz: elapsed: 33m57s, execs: 196498803 (96843/sec), new interesting: 0 (total: 15)
fuzz: elapsed: 34m0s, execs: 196789046 (96812/sec), new interesting: 0 (total: 15)
fuzz: elapsed: 34m3s, execs: 197076627 (95861/sec), new interesting: 0 (total: 15)
fuzz: elapsed: 34m6s, execs: 197366738 (96668/sec), new interesting: 0 (total: 15)
fuzz: elapsed: 34m9s, execs: 197659459 (97610/sec), new interesting: 0 (total: 15)
fuzz: elapsed: 34m12s, execs: 197946894 (95811/sec), new interesting: 0 (total: 15)
fuzz: elapsed: 34m15s, execs: 198236878 (96662/sec), new interesting: 0 (total: 15)
fuzz: elapsed: 34m18s, execs: 198527170 (96764/sec), new interesting: 0 (total: 15)
fuzz: elapsed: 34m21s, execs: 198817195 (96676/sec), new interesting: 0 (total: 15)
fuzz: elapsed: 34m24s, execs: 199107592 (96797/sec), new interesting: 0 (total: 15)
fuzz: elapsed: 34m27s, execs: 199395843 (96083/sec), new interesting: 0 (total: 15)
fuzz: elapsed: 34m30s, execs: 199688661 (97608/sec), new interesting: 0 (total: 15)
fuzz: elapsed: 34m33s, execs: 199976365 (95860/sec), new interesting: 0 (total: 15)
fuzz: elapsed: 34m36s, execs: 200266987 (96917/sec), new interesting: 0 (total: 15)
fuzz: elapsed: 34m39s, execs: 200557670 (96894/sec), new interesting: 0 (total: 15)
fuzz: elapsed: 34m42s, execs: 200850457 (97594/sec), new interesting: 0 (total: 15)
fuzz: elapsed: 34m45s, execs: 201138243 (95930/sec), new interesting: 0 (total: 15)
fuzz: elapsed: 34m48s, execs: 201427692 (96483/sec), new interesting: 0 (total: 15)
fuzz: elapsed: 34m51s, execs: 201717726 (96678/sec), new interesting: 0 (total: 15)
fuzz: elapsed: 34m54s, execs: 202007764 (96616/sec), new interesting: 0 (total: 15)
fuzz: elapsed: 34m57s, execs: 202299537 (97322/sec), new interesting: 0 (total: 15)
fuzz: elapsed: 35m0s, execs: 202584826 (95045/sec), new interesting: 0 (total: 15)
fuzz: elapsed: 35m3s, execs: 202877456 (97596/sec), new interesting: 0 (total: 15)
fuzz: elapsed: 35m6s, execs: 203168002 (96849/sec), new interesting: 0 (total: 15)
fuzz: elapsed: 35m9s, execs: 203458724 (96907/sec), new interesting: 0 (total: 15)
fuzz: elapsed: 35m12s, execs: 203746534 (95937/sec), new interesting: 0 (total: 15)
fuzz: elapsed: 35m15s, execs: 204038982 (97481/sec), new interesting: 0 (total: 15)
fuzz: elapsed: 35m18s, execs: 204329180 (96734/sec), new interesting: 0 (total: 15)
fuzz: elapsed: 35m21s, execs: 204614852 (95161/sec), new interesting: 0 (total: 15)
fuzz: elapsed: 35m24s, execs: 204907419 (97587/sec), new interesting: 0 (total: 15)
fuzz: elapsed: 35m27s, execs: 205197275 (96619/sec), new interesting: 0 (total: 15)
fuzz: elapsed: 35m30s, execs: 205487699 (96808/sec), new interesting: 0 (total: 15)
fuzz: elapsed: 35m33s, execs: 205775327 (95844/sec), new interesting: 0 (total: 15)
fuzz: elapsed: 35m36s, execs: 206068281 (97683/sec), new interesting: 0 (total: 15)
fuzz: elapsed: 35m39s, execs: 206358572 (96764/sec), new interesting: 0 (total: 15)
fuzz: elapsed: 35m42s, execs: 206646659 (96025/sec), new interesting: 0 (total: 15)
fuzz: elapsed: 35m45s, execs: 206936952 (96701/sec), new interesting: 0 (total: 15)
fuzz: elapsed: 35m48s, execs: 207227411 (96887/sec), new interesting: 0 (total: 15)
fuzz: elapsed: 35m51s, execs: 207520219 (97602/sec), new interesting: 0 (total: 15)
fuzz: elapsed: 35m54s, execs: 207806071 (95221/sec), new interesting: 0 (total: 15)
fuzz: elapsed: 35m57s, execs: 208098300 (97469/sec), new interesting: 0 (total: 15)
fuzz: elapsed: 36m0s, execs: 208386299 (96006/sec), new interesting: 0 (total: 15)
fuzz: elapsed: 36m3s, execs: 208679181 (97627/sec), new interesting: 0 (total: 15)
fuzz: elapsed: 36m6s, execs: 208967331 (96049/sec), new interesting: 0 (total: 15)
fuzz: elapsed: 36m9s, execs: 209260504 (97724/sec), new interesting: 0 (total: 15)
fuzz: elapsed: 36m12s, execs: 209548384 (95960/sec), new interesting: 0 (total: 15)
fuzz: elapsed: 36m15s, execs: 209836203 (95940/sec), new interesting: 0 (total: 15)
fuzz: elapsed: 36m18s, execs: 210129237 (97633/sec), new interesting: 0 (total: 15)
fuzz: elapsed: 36m21s, execs: 210419490 (96796/sec), new interesting: 0 (total: 15)
fuzz: elapsed: 36m24s, execs: 210709493 (96667/sec), new interesting: 0 (total: 15)
fuzz: elapsed: 36m27s, execs: 210997456 (95924/sec), new interesting: 0 (total: 15)
fuzz: elapsed: 36m30s, execs: 211290467 (97735/sec), new interesting: 0 (total: 15)
fuzz: elapsed: 36m33s, execs: 211578824 (96119/sec), new interesting: 0 (total: 15)
fuzz: elapsed: 36m36s, execs: 211869439 (96870/sec), new interesting: 0 (total: 15)
fuzz: elapsed: 36m39s, execs: 212159740 (96768/sec), new interesting: 0 (total: 15)
fuzz: elapsed: 36m42s, execs: 212452484 (97582/sec), new interesting: 0 (total: 15)
fuzz: elapsed: 36m45s, execs: 212740463 (95993/sec), new interesting: 0 (total: 15)
fuzz: elapsed: 36m48s, execs: 213028700 (96079/sec), new interesting: 0 (total: 15)
fuzz: elapsed: 36m51s, execs: 213321510 (97603/sec), new interesting: 0 (total: 15)
fuzz: elapsed: 36m54s, execs: 213609016 (95835/sec), new interesting: 0 (total: 15)
fuzz: elapsed: 36m57s, execs: 213901871 (97575/sec), new interesting: 0 (total: 15)
fuzz: elapsed: 37m0s, execs: 214189408 (95888/sec), new interesting: 0 (total: 15)
fuzz: elapsed: 37m3s, execs: 214482077 (97492/sec), new interesting: 0 (total: 15)
fuzz: elapsed: 37m6s, execs: 214764377 (94126/sec), new interesting: 0 (total: 15)
fuzz: elapsed: 37m9s, execs: 215052445 (96046/sec), new interesting: 0 (total: 15)
fuzz: elapsed: 37m12s, execs: 215344451 (97345/sec), new interesting: 0 (total: 15)
fuzz: elapsed: 37m15s, execs: 215632601 (96053/sec), new interesting: 0 (total: 15)
fuzz: elapsed: 37m18s, execs: 215925498 (97632/sec), new interesting: 0 (total: 15)
fuzz: elapsed: 37m21s, execs: 216213243 (95852/sec), new interesting: 0 (total: 15)
fuzz: elapsed: 37m24s, execs: 216505223 (97390/sec), new interesting: 0 (total: 15)
fuzz: elapsed: 37m27s, execs: 216793004 (95926/sec), new interesting: 0 (total: 15)
fuzz: elapsed: 37m30s, execs: 217080899 (95967/sec), new interesting: 0 (total: 15)
fuzz: elapsed: 37m33s, execs: 217373611 (97506/sec), new interesting: 0 (total: 15)
fuzz: elapsed: 37m36s, execs: 217666403 (97644/sec), new interesting: 0 (total: 15)
fuzz: elapsed: 37m39s, execs: 217954108 (95919/sec), new interesting: 0 (total: 15)
fuzz: elapsed: 37m42s, execs: 218241922 (95883/sec), new interesting: 0 (total: 15)
fuzz: elapsed: 37m45s, execs: 218534614 (97620/sec), new interesting: 0 (total: 15)
fuzz: elapsed: 37m48s, execs: 218822154 (95803/sec), new interesting: 0 (total: 15)
fuzz: elapsed: 37m51s, execs: 219109737 (95871/sec), new interesting: 0 (total: 15)
fuzz: elapsed: 37m54s, execs: 219402373 (97579/sec), new interesting: 0 (total: 15)
fuzz: elapsed: 37m57s, execs: 219695255 (97628/sec), new interesting: 0 (total: 15)
fuzz: elapsed: 38m0s, execs: 219982436 (95727/sec), new interesting: 0 (total: 15)
fuzz: elapsed: 38m3s, execs: 220270287 (95890/sec), new interesting: 0 (total: 15)
fuzz: elapsed: 38m6s, execs: 220562866 (97586/sec), new interesting: 0 (total: 15)
fuzz: elapsed: 38m9s, execs: 220850773 (95970/sec), new interesting: 0 (total: 15)
fuzz: elapsed: 38m12s, execs: 221138550 (95926/sec), new interesting: 0 (total: 15)
fuzz: elapsed: 38m15s, execs: 221430691 (97316/sec), new interesting: 0 (total: 15)
fuzz: elapsed: 38m18s, execs: 221723436 (97647/sec), new interesting: 0 (total: 15)
fuzz: elapsed: 38m21s, execs: 222011169 (95910/sec), new interesting: 0 (total: 15)
fuzz: elapsed: 38m24s, execs: 222299496 (96104/sec), new interesting: 0 (total: 15)
fuzz: elapsed: 38m27s, execs: 222592661 (97727/sec), new interesting: 0 (total: 15)
fuzz: elapsed: 38m30s, execs: 222883633 (96991/sec), new interesting: 0 (total: 15)
fuzz: elapsed: 38m33s, execs: 223169094 (95153/sec), new interesting: 0 (total: 15)
fuzz: elapsed: 38m36s, execs: 223461815 (97567/sec), new interesting: 0 (total: 15)
fuzz: elapsed: 38m39s, execs: 223752513 (96890/sec), new interesting: 0 (total: 15)
fuzz: elapsed: 38m42s, execs: 224040673 (96070/sec), new interesting: 0 (total: 15)
fuzz: elapsed: 38m45s, execs: 224331154 (96826/sec), new interesting: 0 (total: 15)
fuzz: elapsed: 38m48s, execs: 224621556 (96799/sec), new interesting: 0 (total: 15)
fuzz: elapsed: 38m51s, execs: 224890535 (89661/sec), new interesting: 0 (total: 15)
fuzz: elapsed: 38m54s, execs: 225173920 (94461/sec), new interesting: 0 (total: 15)
fuzz: elapsed: 38m57s, execs: 225460369 (95420/sec), new interesting: 0 (total: 15)
fuzz: elapsed: 39m0s, execs: 225749854 (96559/sec), new interesting: 0 (total: 15)
fuzz: elapsed: 39m3s, execs: 226037517 (95889/sec), new interesting: 0 (total: 15)
fuzz: elapsed: 39m6s, execs: 226327474 (96652/sec), new interesting: 0 (total: 15)
fuzz: elapsed: 39m9s, execs: 226617546 (96689/sec), new interesting: 0 (total: 15)
fuzz: elapsed: 39m12s, execs: 226910161 (97540/sec), new interesting: 0 (total: 15)
fuzz: elapsed: 39m15s, execs: 227198012 (95950/sec), new interesting: 0 (total: 15)
fuzz: elapsed: 39m18s, execs: 227488456 (96751/sec), new interesting: 0 (total: 15)
fuzz: elapsed: 39m21s, execs: 227779016 (96917/sec), new interesting: 0 (total: 15)
fuzz: elapsed: 39m24s, execs: 228066639 (95870/sec), new interesting: 0 (total: 15)
fuzz: elapsed: 39m27s, execs: 228359347 (97572/sec), new interesting: 0 (total: 15)
fuzz: elapsed: 39m30s, execs: 228649853 (96836/sec), new interesting: 0 (total: 15)
fuzz: elapsed: 39m33s, execs: 228940516 (96888/sec), new interesting: 0 (total: 15)
fuzz: elapsed: 39m36s, execs: 229228403 (95963/sec), new interesting: 0 (total: 15)
fuzz: elapsed: 39m39s, execs: 229518362 (96631/sec), new interesting: 0 (total: 15)
fuzz: elapsed: 39m42s, execs: 229808705 (96803/sec), new interesting: 0 (total: 15)
fuzz: elapsed: 39m45s, execs: 230096543 (95943/sec), new interesting: 0 (total: 15)
fuzz: elapsed: 39m48s, execs: 230389665 (97710/sec), new interesting: 0 (total: 15)
fuzz: elapsed: 39m51s, execs: 230680082 (96806/sec), new interesting: 0 (total: 15)
fuzz: elapsed: 39m54s, execs: 230969958 (96626/sec), new interesting: 0 (total: 15)
fuzz: elapsed: 39m57s, execs: 231258366 (96135/sec), new interesting: 0 (total: 15)
fuzz: elapsed: 40m0s, execs: 231551306 (97648/sec), new interesting: 0 (total: 15)
fuzz: elapsed: 40m3s, execs: 231841955 (96883/sec), new interesting: 0 (total: 15)
fuzz: elapsed: 40m6s, execs: 232131985 (96677/sec), new interesting: 0 (total: 15)
fuzz: elapsed: 40m9s, execs: 232420251 (96025/sec), new interesting: 0 (total: 15)
fuzz: elapsed: 40m12s, execs: 232710764 (96902/sec), new interesting: 0 (total: 15)
fuzz: elapsed: 40m15s, execs: 233000673 (96636/sec), new interesting: 0 (total: 15)
fuzz: elapsed: 40m18s, execs: 233288498 (95905/sec), new interesting: 0 (total: 15)
fuzz: elapsed: 40m21s, execs: 233581475 (97697/sec), new interesting: 0 (total: 15)
fuzz: elapsed: 40m24s, execs: 233871667 (96666/sec), new interesting: 0 (total: 15)
fuzz: elapsed: 40m27s, execs: 234162151 (96893/sec), new interesting: 0 (total: 15)
fuzz: elapsed: 40m30s, execs: 234449891 (95850/sec), new interesting: 0 (total: 15)
fuzz: elapsed: 40m33s, execs: 234740520 (96940/sec), new interesting: 0 (total: 15)
fuzz: elapsed: 40m36s, execs: 235031046 (96840/sec), new interesting: 0 (total: 15)
fuzz: elapsed: 40m39s, execs: 235319183 (96048/sec), new interesting: 0 (total: 15)
fuzz: elapsed: 40m42s, execs: 235611788 (97536/sec), new interesting: 0 (total: 15)
fuzz: elapsed: 40m45s, execs: 235902919 (97044/sec), new interesting: 0 (total: 15)
fuzz: elapsed: 40m48s, execs: 236193423 (96834/sec), new interesting: 0 (total: 15)
fuzz: elapsed: 40m51s, execs: 236481207 (95919/sec), new interesting: 0 (total: 15)
fuzz: elapsed: 40m54s, execs: 236773769 (97505/sec), new interesting: 0 (total: 15)
fuzz: elapsed: 40m57s, execs: 237061773 (96025/sec), new interesting: 0 (total: 15)
fuzz: elapsed: 41m0s, execs: 237349593 (95941/sec), new interesting: 0 (total: 15)
fuzz: elapsed: 41m3s, execs: 237642283 (97542/sec), new interesting: 0 (total: 15)
fuzz: elapsed: 41m6s, execs: 237932566 (96782/sec), new interesting: 0 (total: 15)
fuzz: elapsed: 41m9s, execs: 238223170 (96802/sec), new interesting: 0 (total: 15)
fuzz: elapsed: 41m12s, execs: 238510819 (95939/sec), new interesting: 0 (total: 15)
fuzz: elapsed: 41m15s, execs: 238801818 (97009/sec), new interesting: 0 (total: 15)
fuzz: elapsed: 41m18s, execs: 239089766 (95983/sec), new interesting: 0 (total: 15)
fuzz: elapsed: 41m21s, execs: 239377971 (96068/sec), new interesting: 0 (total: 15)
fuzz: elapsed: 41m24s, execs: 239670685 (97559/sec), new interesting: 0 (total: 15)
fuzz: elapsed: 41m27s, execs: 239963580 (97643/sec), new interesting: 0 (total: 15)
fuzz: elapsed: 41m30s, execs: 240251393 (95874/sec), new interesting: 0 (total: 15)
fuzz: elapsed: 41m33s, execs: 240539491 (96097/sec), new interesting: 0 (total: 15)
fuzz: elapsed: 41m36s, execs: 240831941 (97483/sec), new interesting: 0 (total: 15)
fuzz: elapsed: 41m39s, execs: 241122138 (96733/sec), new interesting: 0 (total: 15)
fuzz: elapsed: 41m42s, execs: 241408571 (95468/sec), new interesting: 0 (total: 15)
fuzz: elapsed: 41m45s, execs: 241701444 (97634/sec), new interesting: 0 (total: 15)
fuzz: elapsed: 41m48s, execs: 241991628 (96727/sec), new interesting: 0 (total: 15)
fuzz: elapsed: 41m51s, execs: 242279137 (95837/sec), new interesting: 0 (total: 15)
fuzz: elapsed: 41m54s, execs: 242568173 (96346/sec), new interesting: 0 (total: 15)
fuzz: elapsed: 41m57s, execs: 242861173 (97667/sec), new interesting: 0 (total: 15)
fuzz: elapsed: 42m0s, execs: 243151459 (96763/sec), new interesting: 0 (total: 15)
fuzz: elapsed: 42m3s, execs: 243439794 (96110/sec), new interesting: 0 (total: 15)
fuzz: elapsed: 42m6s, execs: 243730437 (96881/sec), new interesting: 0 (total: 15)
fuzz: elapsed: 42m9s, execs: 244021056 (96874/sec), new interesting: 0 (total: 15)
fuzz: elapsed: 42m12s, execs: 244311168 (96704/sec), new interesting: 0 (total: 15)
fuzz: elapsed: 42m15s, execs: 244597690 (95506/sec), new interesting: 0 (total: 15)
fuzz: elapsed: 42m18s, execs: 244888262 (96859/sec), new interesting: 0 (total: 15)
fuzz: elapsed: 42m21s, execs: 245178183 (96640/sec), new interesting: 0 (total: 15)
fuzz: elapsed: 42m24s, execs: 245465257 (95690/sec), new interesting: 0 (total: 15)
fuzz: elapsed: 42m27s, execs: 245754741 (96495/sec), new interesting: 0 (total: 15)
fuzz: elapsed: 42m30s, execs: 246047738 (97649/sec), new interesting: 0 (total: 15)
fuzz: elapsed: 42m33s, execs: 246320017 (90772/sec), new interesting: 0 (total: 15)
fuzz: elapsed: 42m36s, execs: 246567056 (82349/sec), new interesting: 0 (total: 15)
fuzz: elapsed: 42m39s, execs: 246833173 (88706/sec), new interesting: 0 (total: 15)
fuzz: elapsed: 42m42s, execs: 247096440 (87756/sec), new interesting: 0 (total: 15)
fuzz: elapsed: 42m45s, execs: 247356317 (86568/sec), new interesting: 0 (total: 15)
fuzz: elapsed: 42m48s, execs: 247633111 (92304/sec), new interesting: 0 (total: 15)
fuzz: elapsed: 42m51s, execs: 247925506 (97424/sec), new interesting: 0 (total: 15)
fuzz: elapsed: 42m54s, execs: 248218063 (97583/sec), new interesting: 0 (total: 15)
fuzz: elapsed: 42m57s, execs: 248510821 (97586/sec), new interesting: 0 (total: 15)
fuzz: elapsed: 43m0s, execs: 248791970 (93716/sec), new interesting: 0 (total: 15)
fuzz: elapsed: 43m3s, execs: 249084657 (97563/sec), new interesting: 0 (total: 15)
fuzz: elapsed: 43m6s, execs: 249377222 (97518/sec), new interesting: 0 (total: 15)
fuzz: elapsed: 43m9s, execs: 249660071 (94272/sec), new interesting: 0 (total: 15)
fuzz: elapsed: 43m12s, execs: 249952569 (97514/sec), new interesting: 0 (total: 15)
fuzz: elapsed: 43m15s, execs: 250245107 (97512/sec), new interesting: 0 (total: 15)
fuzz: elapsed: 43m18s, execs: 250537400 (97432/sec), new interesting: 0 (total: 15)
fuzz: elapsed: 43m21s, execs: 250820507 (94368/sec), new interesting: 0 (total: 15)
fuzz: elapsed: 43m24s, execs: 251113066 (97476/sec), new interesting: 0 (total: 15)
fuzz: elapsed: 43m27s, execs: 251405784 (97616/sec), new interesting: 0 (total: 15)
fuzz: elapsed: 43m30s, execs: 251689021 (94350/sec), new interesting: 0 (total: 15)
fuzz: elapsed: 43m33s, execs: 251981520 (97564/sec), new interesting: 0 (total: 15)
fuzz: elapsed: 43m36s, execs: 252273681 (97387/sec), new interesting: 0 (total: 15)
fuzz: elapsed: 43m39s, execs: 252566347 (97555/sec), new interesting: 0 (total: 15)
fuzz: elapsed: 43m42s, execs: 252849005 (94213/sec), new interesting: 0 (total: 15)
fuzz: elapsed: 43m45s, execs: 253141855 (97558/sec), new interesting: 0 (total: 15)
fuzz: elapsed: 43m48s, execs: 253434383 (97556/sec), new interesting: 0 (total: 15)
fuzz: elapsed: 43m51s, execs: 253719762 (95144/sec), new interesting: 0 (total: 15)
fuzz: elapsed: 43m54s, execs: 254010239 (96825/sec), new interesting: 0 (total: 15)
fuzz: elapsed: 43m57s, execs: 254302954 (97573/sec), new interesting: 0 (total: 15)
fuzz: elapsed: 44m0s, execs: 254595808 (97618/sec), new interesting: 0 (total: 15)
fuzz: elapsed: 44m3s, execs: 254878697 (94289/sec), new interesting: 0 (total: 15)
fuzz: elapsed: 44m6s, execs: 255172577 (97968/sec), new interesting: 0 (total: 15)
fuzz: elapsed: 44m9s, execs: 255463280 (96837/sec), new interesting: 0 (total: 15)
fuzz: elapsed: 44m12s, execs: 255754299 (97071/sec), new interesting: 0 (total: 15)
fuzz: elapsed: 44m15s, execs: 256039977 (95218/sec), new interesting: 0 (total: 15)
fuzz: elapsed: 44m18s, execs: 256286410 (82149/sec), new interesting: 0 (total: 15)
fuzz: elapsed: 44m21s, execs: 256534526 (82706/sec), new interesting: 0 (total: 15)
fuzz: elapsed: 44m24s, execs: 256821222 (95517/sec), new interesting: 0 (total: 15)
fuzz: elapsed: 44m27s, execs: 257079726 (86211/sec), new interesting: 0 (total: 15)
fuzz: elapsed: 44m30s, execs: 257346408 (88867/sec), new interesting: 0 (total: 15)
fuzz: elapsed: 44m33s, execs: 257636727 (96804/sec), new interesting: 0 (total: 15)
fuzz: elapsed: 44m36s, execs: 257927157 (96810/sec), new interesting: 0 (total: 15)
fuzz: elapsed: 44m39s, execs: 258219949 (97568/sec), new interesting: 0 (total: 15)
fuzz: elapsed: 44m42s, execs: 258505178 (95041/sec), new interesting: 0 (total: 15)
fuzz: elapsed: 44m45s, execs: 258797740 (97586/sec), new interesting: 0 (total: 15)
fuzz: elapsed: 44m48s, execs: 259087820 (96693/sec), new interesting: 0 (total: 15)
fuzz: elapsed: 44m51s, execs: 259372615 (94932/sec), new interesting: 0 (total: 15)
fuzz: elapsed: 44m54s, execs: 259665389 (97590/sec), new interesting: 0 (total: 15)
fuzz: elapsed: 44m57s, execs: 259958079 (97565/sec), new interesting: 0 (total: 15)
fuzz: elapsed: 45m0s, execs: 260248403 (96775/sec), new interesting: 0 (total: 15)
fuzz: elapsed: 45m3s, execs: 260533622 (95073/sec), new interesting: 0 (total: 15)
fuzz: elapsed: 45m6s, execs: 260826642 (97674/sec), new interesting: 0 (total: 15)
fuzz: elapsed: 45m9s, execs: 261117176 (96828/sec), new interesting: 0 (total: 15)
fuzz: elapsed: 45m12s, execs: 261403000 (95286/sec), new interesting: 0 (total: 15)
fuzz: elapsed: 45m15s, execs: 261695690 (97503/sec), new interesting: 0 (total: 15)
fuzz: elapsed: 45m18s, execs: 261987227 (97233/sec), new interesting: 0 (total: 15)
fuzz: elapsed: 45m21s, execs: 262235619 (82807/sec), new interesting: 0 (total: 15)
fuzz: elapsed: 45m24s, execs: 262488034 (84082/sec), new interesting: 0 (total: 15)
fuzz: elapsed: 45m27s, execs: 262751028 (87722/sec), new interesting: 0 (total: 15)
fuzz: elapsed: 45m30s, execs: 263009098 (86023/sec), new interesting: 0 (total: 15)
fuzz: elapsed: 45m33s, execs: 263284417 (91713/sec), new interesting: 0 (total: 15)
fuzz: elapsed: 45m36s, execs: 263576406 (97394/sec), new interesting: 0 (total: 15)
fuzz: elapsed: 45m39s, execs: 263867163 (96919/sec), new interesting: 0 (total: 15)
fuzz: elapsed: 45m42s, execs: 264149225 (94011/sec), new interesting: 0 (total: 15)
fuzz: elapsed: 45m45s, execs: 264440292 (96967/sec), new interesting: 0 (total: 15)
fuzz: elapsed: 45m48s, execs: 264730468 (96725/sec), new interesting: 0 (total: 15)
fuzz: elapsed: 45m51s, execs: 265016482 (95400/sec), new interesting: 0 (total: 15)
fuzz: elapsed: 45m54s, execs: 265307013 (96845/sec), new interesting: 0 (total: 15)
fuzz: elapsed: 45m57s, execs: 265600277 (97751/sec), new interesting: 0 (total: 15)
fuzz: elapsed: 46m0s, execs: 265892966 (97567/sec), new interesting: 0 (total: 15)
fuzz: elapsed: 46m3s, execs: 266178149 (95062/sec), new interesting: 0 (total: 15)
fuzz: elapsed: 46m6s, execs: 266468751 (96802/sec), new interesting: 0 (total: 15)
fuzz: elapsed: 46m9s, execs: 266761354 (97598/sec), new interesting: 0 (total: 15)
fuzz: elapsed: 46m12s, execs: 267054372 (97675/sec), new interesting: 0 (total: 15)
fuzz: elapsed: 46m15s, execs: 267336487 (93976/sec), new interesting: 0 (total: 15)
fuzz: elapsed: 46m18s, execs: 267627184 (96964/sec), new interesting: 0 (total: 15)
fuzz: elapsed: 46m21s, execs: 267919698 (97505/sec), new interesting: 0 (total: 15)
fuzz: elapsed: 46m24s, execs: 268203843 (94714/sec), new interesting: 0 (total: 15)
fuzz: elapsed: 46m27s, execs: 268494218 (96793/sec), new interesting: 0 (total: 15)
fuzz: elapsed: 46m30s, execs: 268786829 (97470/sec), new interesting: 0 (total: 15)
fuzz: elapsed: 46m33s, execs: 269079207 (97470/sec), new interesting: 0 (total: 15)
fuzz: elapsed: 46m36s, execs: 269365217 (95392/sec), new interesting: 0 (total: 15)
fuzz: elapsed: 46m39s, execs: 269655516 (96766/sec), new interesting: 0 (total: 15)
fuzz: elapsed: 46m42s, execs: 269948515 (97667/sec), new interesting: 0 (total: 15)
fuzz: elapsed: 46m45s, execs: 270236519 (96001/sec), new interesting: 0 (total: 15)
fuzz: elapsed: 46m48s, execs: 270523904 (95767/sec), new interesting: 0 (total: 15)
fuzz: elapsed: 46m51s, execs: 270816454 (97545/sec), new interesting: 0 (total: 15)
fuzz: elapsed: 46m54s, execs: 271109033 (97527/sec), new interesting: 0 (total: 15)
fuzz: elapsed: 46m57s, execs: 271394248 (95072/sec), new interesting: 0 (total: 15)
fuzz: elapsed: 47m0s, execs: 271684133 (96619/sec), new interesting: 0 (total: 15)
fuzz: elapsed: 47m3s, execs: 271976550 (97416/sec), new interesting: 0 (total: 15)
fuzz: elapsed: 47m6s, execs: 272269280 (97641/sec), new interesting: 0 (total: 15)
fuzz: elapsed: 47m9s, execs: 272552321 (94347/sec), new interesting: 0 (total: 15)
fuzz: elapsed: 47m12s, execs: 272844982 (97554/sec), new interesting: 0 (total: 15)
fuzz: elapsed: 47m15s, execs: 273137329 (97449/sec), new interesting: 0 (total: 15)
fuzz: elapsed: 47m18s, execs: 273423046 (95238/sec), new interesting: 0 (total: 15)
fuzz: elapsed: 47m21s, execs: 273710013 (95594/sec), new interesting: 0 (total: 15)
fuzz: elapsed: 47m24s, execs: 274002715 (97632/sec), new interesting: 0 (total: 15)
fuzz: elapsed: 47m27s, execs: 274293529 (96938/sec), new interesting: 0 (total: 15)
fuzz: elapsed: 47m30s, execs: 274579443 (95305/sec), new interesting: 0 (total: 15)
fuzz: elapsed: 47m33s, execs: 274872186 (97582/sec), new interesting: 0 (total: 15)
fuzz: elapsed: 47m36s, execs: 275162461 (96757/sec), new interesting: 0 (total: 15)
fuzz: elapsed: 47m39s, execs: 275452972 (96837/sec), new interesting: 0 (total: 15)
fuzz: elapsed: 47m42s, execs: 275740835 (95954/sec), new interesting: 0 (total: 15)
fuzz: elapsed: 47m45s, execs: 276031230 (96737/sec), new interesting: 0 (total: 15)
fuzz: elapsed: 47m48s, execs: 276324111 (97689/sec), new interesting: 0 (total: 15)
fuzz: elapsed: 47m51s, execs: 276611780 (95890/sec), new interesting: 0 (total: 15)
fuzz: elapsed: 47m54s, execs: 276902340 (96852/sec), new interesting: 0 (total: 15)
fuzz: elapsed: 47m57s, execs: 277192800 (96821/sec), new interesting: 0 (total: 15)
fuzz: elapsed: 48m0s, execs: 277485643 (97614/sec), new interesting: 0 (total: 15)
fuzz: elapsed: 48m3s, execs: 277771221 (95194/sec), new interesting: 0 (total: 15)
fuzz: elapsed: 48m6s, execs: 278061823 (96867/sec), new interesting: 0 (total: 15)
fuzz: elapsed: 48m9s, execs: 278354710 (97621/sec), new interesting: 0 (total: 15)
fuzz: elapsed: 48m12s, execs: 278642870 (96061/sec), new interesting: 0 (total: 15)
fuzz: elapsed: 48m15s, execs: 278932707 (96612/sec), new interesting: 0 (total: 15)
fuzz: elapsed: 48m18s, execs: 279223595 (96963/sec), new interesting: 0 (total: 15)
fuzz: elapsed: 48m21s, execs: 279515803 (97402/sec), new interesting: 0 (total: 15)
fuzz: elapsed: 48m24s, execs: 279800729 (94976/sec), new interesting: 0 (total: 15)
fuzz: elapsed: 48m27s, execs: 280090979 (96746/sec), new interesting: 0 (total: 15)
fuzz: elapsed: 48m30s, execs: 280383200 (97411/sec), new interesting: 0 (total: 15)
fuzz: elapsed: 48m33s, execs: 280676023 (97607/sec), new interesting: 0 (total: 15)
fuzz: elapsed: 48m36s, execs: 280959419 (94466/sec), new interesting: 0 (total: 15)
fuzz: elapsed: 48m39s, execs: 281251974 (97518/sec), new interesting: 0 (total: 15)
fuzz: elapsed: 48m42s, execs: 281544937 (97654/sec), new interesting: 0 (total: 15)
fuzz: elapsed: 48m45s, execs: 281832917 (95989/sec), new interesting: 0 (total: 15)
fuzz: elapsed: 48m48s, execs: 282121176 (96091/sec), new interesting: 0 (total: 15)
fuzz: elapsed: 48m51s, execs: 282414178 (97668/sec), new interesting: 0 (total: 15)
fuzz: elapsed: 48m54s, execs: 282707140 (97654/sec), new interesting: 0 (total: 15)
fuzz: elapsed: 48m57s, execs: 282991277 (94713/sec), new interesting: 0 (total: 15)
fuzz: elapsed: 49m0s, execs: 283284102 (97599/sec), new interesting: 0 (total: 15)
fuzz: elapsed: 49m3s, execs: 283574421 (96782/sec), new interesting: 0 (total: 15)
fuzz: elapsed: 49m6s, execs: 283867402 (97660/sec), new interesting: 0 (total: 15)
fuzz: elapsed: 49m9s, execs: 284152754 (95117/sec), new interesting: 0 (total: 15)
fuzz: elapsed: 49m12s, execs: 284442798 (96681/sec), new interesting: 0 (total: 15)
fuzz: elapsed: 49m15s, execs: 284735198 (97467/sec), new interesting: 0 (total: 15)
fuzz: elapsed: 49m18s, execs: 285020898 (95233/sec), new interesting: 0 (total: 15)
fuzz: elapsed: 49m21s, execs: 285313621 (97574/sec), new interesting: 0 (total: 15)
fuzz: elapsed: 49m24s, execs: 285604134 (96838/sec), new interesting: 0 (total: 15)
fuzz: elapsed: 49m27s, execs: 285897103 (97657/sec), new interesting: 0 (total: 15)
fuzz: elapsed: 49m30s, execs: 286182616 (95171/sec), new interesting: 0 (total: 15)
fuzz: elapsed: 49m33s, execs: 286475355 (97580/sec), new interesting: 0 (total: 15)
fuzz: elapsed: 49m36s, execs: 286765988 (96853/sec), new interesting: 0 (total: 15)
fuzz: elapsed: 49m39s, execs: 287051254 (95112/sec), new interesting: 0 (total: 15)
fuzz: elapsed: 49m42s, execs: 287343656 (97467/sec), new interesting: 0 (total: 15)
fuzz: elapsed: 49m45s, execs: 287633450 (96599/sec), new interesting: 0 (total: 15)
fuzz: elapsed: 49m48s, execs: 287926347 (97632/sec), new interesting: 0 (total: 15)
fuzz: elapsed: 49m51s, execs: 288211683 (95112/sec), new interesting: 0 (total: 15)
fuzz: elapsed: 49m54s, execs: 288504427 (97580/sec), new interesting: 0 (total: 15)
fuzz: elapsed: 49m57s, execs: 288794577 (96718/sec), new interesting: 0 (total: 15)
fuzz: elapsed: 50m0s, execs: 289085302 (96909/sec), new interesting: 0 (total: 15)
fuzz: elapsed: 50m3s, execs: 289373397 (96031/sec), new interesting: 0 (total: 15)
fuzz: elapsed: 50m6s, execs: 289663188 (96597/sec), new interesting: 0 (total: 15)
fuzz: elapsed: 50m9s, execs: 289955857 (97548/sec), new interesting: 0 (total: 15)
fuzz: elapsed: 50m12s, execs: 290241585 (95240/sec), new interesting: 0 (total: 15)
fuzz: elapsed: 50m15s, execs: 290533880 (97442/sec), new interesting: 0 (total: 15)
fuzz: elapsed: 50m18s, execs: 290824047 (96721/sec), new interesting: 0 (total: 15)
fuzz: elapsed: 50m21s, execs: 291116771 (97576/sec), new interesting: 0 (total: 15)
fuzz: elapsed: 50m24s, execs: 291401596 (94879/sec), new interesting: 0 (total: 15)
fuzz: elapsed: 50m27s, execs: 291695274 (97958/sec), new interesting: 0 (total: 15)
fuzz: elapsed: 50m30s, execs: 291982910 (95815/sec), new interesting: 0 (total: 15)
fuzz: elapsed: 50m33s, execs: 292270636 (95973/sec), new interesting: 0 (total: 15)
fuzz: elapsed: 50m36s, execs: 292564408 (97923/sec), new interesting: 0 (total: 15)
fuzz: elapsed: 50m39s, execs: 292854664 (96751/sec), new interesting: 0 (total: 15)
fuzz: elapsed: 50m42s, execs: 293142846 (96022/sec), new interesting: 0 (total: 15)
fuzz: elapsed: 50m45s, execs: 293433022 (96766/sec), new interesting: 0 (total: 15)
fuzz: elapsed: 50m48s, execs: 293725851 (97609/sec), new interesting: 0 (total: 15)
fuzz: elapsed: 50m51s, execs: 294011313 (95154/sec), new interesting: 0 (total: 15)
fuzz: elapsed: 50m54s, execs: 294301885 (96827/sec), new interesting: 0 (total: 15)
fuzz: elapsed: 50m57s, execs: 294594584 (97597/sec), new interesting: 0 (total: 15)
fuzz: elapsed: 51m0s, execs: 294887650 (97662/sec), new interesting: 0 (total: 15)
fuzz: elapsed: 51m3s, execs: 295173114 (95181/sec), new interesting: 0 (total: 15)
fuzz: elapsed: 51m6s, execs: 295463331 (96739/sec), new interesting: 0 (total: 15)
fuzz: elapsed: 51m9s, execs: 295755922 (97530/sec), new interesting: 0 (total: 15)
fuzz: elapsed: 51m12s, execs: 296046248 (96776/sec), new interesting: 0 (total: 15)
fuzz: elapsed: 51m15s, execs: 296330550 (94767/sec), new interesting: 0 (total: 15)
fuzz: elapsed: 51m18s, execs: 296623563 (97671/sec), new interesting: 0 (total: 15)
fuzz: elapsed: 51m21s, execs: 296915821 (97420/sec), new interesting: 0 (total: 15)
fuzz: elapsed: 51m24s, execs: 297199667 (94616/sec), new interesting: 0 (total: 15)
fuzz: elapsed: 51m27s, execs: 297488192 (96110/sec), new interesting: 0 (total: 15)
fuzz: elapsed: 51m30s, execs: 297781043 (97682/sec), new interesting: 0 (total: 15)
fuzz: elapsed: 51m33s, execs: 298073681 (97546/sec), new interesting: 0 (total: 15)
fuzz: elapsed: 51m36s, execs: 298356882 (94369/sec), new interesting: 0 (total: 15)
fuzz: elapsed: 51m39s, execs: 298649568 (97585/sec), new interesting: 0 (total: 15)
fuzz: elapsed: 51m42s, execs: 298942372 (97610/sec), new interesting: 0 (total: 15)
fuzz: elapsed: 51m45s, execs: 299227770 (95133/sec), new interesting: 0 (total: 15)
fuzz: elapsed: 51m48s, execs: 299518531 (96856/sec), new interesting: 0 (total: 15)
fuzz: elapsed: 51m51s, execs: 299811694 (97753/sec), new interesting: 0 (total: 15)
fuzz: elapsed: 51m54s, execs: 300104676 (97693/sec), new interesting: 0 (total: 15)
fuzz: elapsed: 51m57s, execs: 300387475 (94261/sec), new interesting: 0 (total: 15)
fuzz: elapsed: 52m0s, execs: 300680321 (97620/sec), new interesting: 0 (total: 15)
fuzz: elapsed: 52m3s, execs: 300973110 (97532/sec), new interesting: 0 (total: 15)
fuzz: elapsed: 52m6s, execs: 301259300 (95460/sec), new interesting: 0 (total: 15)
fuzz: elapsed: 52m9s, execs: 301549575 (96758/sec), new interesting: 0 (total: 15)
fuzz: elapsed: 52m12s, execs: 301842177 (97500/sec), new interesting: 0 (total: 15)
fuzz: elapsed: 52m15s, execs: 302133989 (97304/sec), new interesting: 0 (total: 15)
fuzz: elapsed: 52m18s, execs: 302419451 (95154/sec), new interesting: 0 (total: 15)
fuzz: elapsed: 52m21s, execs: 302710077 (96835/sec), new interesting: 0 (total: 15)
fuzz: elapsed: 52m24s, execs: 303002797 (97615/sec), new interesting: 0 (total: 15)
fuzz: elapsed: 52m27s, execs: 303294091 (97099/sec), new interesting: 0 (total: 15)
fuzz: elapsed: 52m30s, execs: 303576579 (94162/sec), new interesting: 0 (total: 15)
fuzz: elapsed: 52m33s, execs: 303869384 (97574/sec), new interesting: 0 (total: 15)
fuzz: elapsed: 52m36s, execs: 304159013 (96570/sec), new interesting: 0 (total: 15)
fuzz: elapsed: 52m39s, execs: 304444287 (95092/sec), new interesting: 0 (total: 15)
fuzz: elapsed: 52m42s, execs: 304734294 (96668/sec), new interesting: 0 (total: 15)
fuzz: elapsed: 52m45s, execs: 305027075 (97549/sec), new interesting: 0 (total: 15)
fuzz: elapsed: 52m48s, execs: 305319714 (97592/sec), new interesting: 0 (total: 15)
fuzz: elapsed: 52m51s, execs: 305602999 (94429/sec), new interesting: 0 (total: 15)
fuzz: elapsed: 52m54s, execs: 305895825 (97608/sec), new interesting: 0 (total: 15)
fuzz: elapsed: 52m57s, execs: 306187208 (97121/sec), new interesting: 0 (total: 15)
fuzz: elapsed: 53m0s, execs: 306472825 (95184/sec), new interesting: 0 (total: 15)
fuzz: elapsed: 53m3s, execs: 306763674 (96978/sec), new interesting: 0 (total: 15)
fuzz: elapsed: 53m6s, execs: 307055985 (97436/sec), new interesting: 0 (total: 15)
fuzz: elapsed: 53m9s, execs: 307345913 (96645/sec), new interesting: 0 (total: 15)
fuzz: elapsed: 53m12s, execs: 307630470 (94852/sec), new interesting: 0 (total: 15)
fuzz: elapsed: 53m15s, execs: 307923246 (97593/sec), new interesting: 0 (total: 15)
fuzz: elapsed: 53m18s, execs: 308213447 (96734/sec), new interesting: 0 (total: 15)
fuzz: elapsed: 53m21s, execs: 308505890 (97481/sec), new interesting: 0 (total: 15)
fuzz: elapsed: 53m24s, execs: 308791466 (95129/sec), new interesting: 0 (total: 15)
fuzz: elapsed: 53m27s, execs: 309084460 (97729/sec), new interesting: 0 (total: 15)
fuzz: elapsed: 53m30s, execs: 309375012 (96851/sec), new interesting: 0 (total: 15)
fuzz: elapsed: 53m33s, execs: 309660704 (95230/sec), new interesting: 0 (total: 15)
fuzz: elapsed: 53m36s, execs: 309953399 (97561/sec), new interesting: 0 (total: 15)
fuzz: elapsed: 53m39s, execs: 310243886 (96834/sec), new interesting: 0 (total: 15)
fuzz: elapsed: 53m42s, execs: 310536640 (97585/sec), new interesting: 0 (total: 15)
fuzz: elapsed: 53m45s, execs: 310822029 (95129/sec), new interesting: 0 (total: 15)
fuzz: elapsed: 53m48s, execs: 311114657 (97543/sec), new interesting: 0 (total: 15)
fuzz: elapsed: 53m51s, execs: 311405098 (96806/sec), new interesting: 0 (total: 15)
fuzz: elapsed: 53m54s, execs: 311690188 (94974/sec), new interesting: 0 (total: 15)
fuzz: elapsed: 53m57s, execs: 311982897 (97634/sec), new interesting: 0 (total: 15)
fuzz: elapsed: 54m0s, execs: 312275133 (97413/sec), new interesting: 0 (total: 15)
fuzz: elapsed: 54m3s, execs: 312565399 (96755/sec), new interesting: 0 (total: 15)
fuzz: elapsed: 54m6s, execs: 312850946 (95180/sec), new interesting: 0 (total: 15)
fuzz: elapsed: 54m9s, execs: 313143625 (97562/sec), new interesting: 0 (total: 15)
fuzz: elapsed: 54m12s, execs: 313434260 (96878/sec), new interesting: 0 (total: 15)
fuzz: elapsed: 54m15s, execs: 313719816 (95184/sec), new interesting: 0 (total: 15)
fuzz: elapsed: 54m18s, execs: 314013650 (97881/sec), new interesting: 0 (total: 15)
fuzz: elapsed: 54m21s, execs: 314304106 (96872/sec), new interesting: 0 (total: 15)
fuzz: elapsed: 54m24s, execs: 314594562 (96830/sec), new interesting: 0 (total: 15)
fuzz: elapsed: 54m27s, execs: 314882147 (95798/sec), new interesting: 0 (total: 15)
fuzz: elapsed: 54m30s, execs: 315174047 (97364/sec), new interesting: 0 (total: 15)
fuzz: elapsed: 54m33s, execs: 315462068 (96008/sec), new interesting: 0 (total: 15)
fuzz: elapsed: 54m36s, execs: 315750176 (96036/sec), new interesting: 0 (total: 15)
fuzz: elapsed: 54m39s, execs: 316043139 (97655/sec), new interesting: 0 (total: 15)
fuzz: elapsed: 54m42s, execs: 316335759 (97540/sec), new interesting: 0 (total: 15)
fuzz: elapsed: 54m45s, execs: 316623344 (95863/sec), new interesting: 0 (total: 15)
fuzz: elapsed: 54m48s, execs: 316911791 (96115/sec), new interesting: 0 (total: 15)
fuzz: elapsed: 54m51s, execs: 317204715 (97675/sec), new interesting: 0 (total: 15)
fuzz: elapsed: 54m54s, execs: 317495414 (96900/sec), new interesting: 0 (total: 15)
fuzz: elapsed: 54m57s, execs: 317781088 (95224/sec), new interesting: 0 (total: 15)
fuzz: elapsed: 55m0s, execs: 318073200 (97371/sec), new interesting: 0 (total: 15)
fuzz: elapsed: 55m3s, execs: 318363436 (96746/sec), new interesting: 0 (total: 15)
fuzz: elapsed: 55m6s, execs: 318654019 (96860/sec), new interesting: 0 (total: 15)
fuzz: elapsed: 55m9s, execs: 318941873 (95951/sec), new interesting: 0 (total: 15)
fuzz: elapsed: 55m12s, execs: 319233199 (97108/sec), new interesting: 0 (total: 15)
fuzz: elapsed: 55m15s, execs: 319523453 (96752/sec), new interesting: 0 (total: 15)
fuzz: elapsed: 55m18s, execs: 319808746 (95073/sec), new interesting: 0 (total: 15)
fuzz: elapsed: 55m21s, execs: 320102657 (97993/sec), new interesting: 0 (total: 15)
fuzz: elapsed: 55m24s, execs: 320390582 (95978/sec), new interesting: 0 (total: 15)
fuzz: elapsed: 55m27s, execs: 320683060 (97472/sec), new interesting: 0 (total: 15)
fuzz: elapsed: 55m30s, execs: 320971113 (96037/sec), new interesting: 0 (total: 15)
fuzz: elapsed: 55m33s, execs: 321263786 (97559/sec), new interesting: 0 (total: 15)
fuzz: elapsed: 55m36s, execs: 321552325 (96179/sec), new interesting: 0 (total: 15)
fuzz: elapsed: 55m39s, execs: 321842508 (96728/sec), new interesting: 0 (total: 15)
fuzz: elapsed: 55m42s, execs: 322132383 (96624/sec), new interesting: 0 (total: 15)
fuzz: elapsed: 55m45s, execs: 322422941 (96853/sec), new interesting: 0 (total: 15)
fuzz: elapsed: 55m48s, execs: 322713742 (96925/sec), new interesting: 0 (total: 15)
fuzz: elapsed: 55m51s, execs: 323001475 (95918/sec), new interesting: 0 (total: 15)
fuzz: elapsed: 55m54s, execs: 323294368 (97566/sec), new interesting: 0 (total: 15)
fuzz: elapsed: 55m57s, execs: 323582015 (95935/sec), new interesting: 0 (total: 15)
fuzz: elapsed: 56m0s, execs: 323872743 (96904/sec), new interesting: 0 (total: 15)
fuzz: elapsed: 56m3s, execs: 324159331 (95485/sec), new interesting: 0 (total: 15)
fuzz: elapsed: 56m6s, execs: 324451786 (97550/sec), new interesting: 0 (total: 15)
fuzz: elapsed: 56m9s, execs: 324739817 (96010/sec), new interesting: 0 (total: 15)
fuzz: elapsed: 56m12s, execs: 325027780 (95988/sec), new interesting: 0 (total: 15)
fuzz: elapsed: 56m15s, execs: 325320516 (97579/sec), new interesting: 0 (total: 15)
fuzz: elapsed: 56m18s, execs: 325608645 (96041/sec), new interesting: 0 (total: 15)
fuzz: elapsed: 56m21s, execs: 325901670 (97667/sec), new interesting: 0 (total: 15)
fuzz: elapsed: 56m24s, execs: 326189267 (95876/sec), new interesting: 0 (total: 15)
fuzz: elapsed: 56m27s, execs: 326482250 (97661/sec), new interesting: 0 (total: 15)
fuzz: elapsed: 56m30s, execs: 326770503 (96084/sec), new interesting: 0 (total: 15)
fuzz: elapsed: 56m33s, execs: 327058222 (95895/sec), new interesting: 0 (total: 15)
fuzz: elapsed: 56m36s, execs: 327351203 (97648/sec), new interesting: 0 (total: 15)
fuzz: elapsed: 56m39s, execs: 327644170 (97679/sec), new interesting: 0 (total: 15)
fuzz: elapsed: 56m42s, execs: 327929215 (94991/sec), new interesting: 0 (total: 15)
fuzz: elapsed: 56m45s, execs: 328219630 (96766/sec), new interesting: 0 (total: 15)
fuzz: elapsed: 56m48s, execs: 328510196 (96920/sec), new interesting: 0 (total: 15)
fuzz: elapsed: 56m51s, execs: 328797741 (95813/sec), new interesting: 0 (total: 15)
fuzz: elapsed: 56m54s, execs: 329085864 (96076/sec), new interesting: 0 (total: 15)
fuzz: elapsed: 56m57s, execs: 329378463 (97533/sec), new interesting: 0 (total: 15)
fuzz: elapsed: 57m0s, execs: 329671547 (97695/sec), new interesting: 0 (total: 15)
fuzz: elapsed: 57m3s, execs: 329959346 (95933/sec), new interesting: 0 (total: 15)
fuzz: elapsed: 57m6s, execs: 330247437 (95967/sec), new interesting: 0 (total: 15)
fuzz: elapsed: 57m9s, execs: 330540419 (97726/sec), new interesting: 0 (total: 15)
fuzz: elapsed: 57m12s, execs: 330833053 (97545/sec), new interesting: 0 (total: 15)
fuzz: elapsed: 57m15s, execs: 331115730 (94224/sec), new interesting: 0 (total: 15)
fuzz: elapsed: 57m18s, execs: 331408104 (97460/sec), new interesting: 0 (total: 15)
fuzz: elapsed: 57m21s, execs: 331700756 (97485/sec), new interesting: 0 (total: 15)
fuzz: elapsed: 57m24s, execs: 331988425 (95954/sec), new interesting: 0 (total: 15)
fuzz: elapsed: 57m27s, execs: 332274724 (95433/sec), new interesting: 0 (total: 15)
fuzz: elapsed: 57m30s, execs: 332567072 (97385/sec), new interesting: 0 (total: 15)
fuzz: elapsed: 57m33s, execs: 332859812 (97644/sec), new interesting: 0 (total: 15)
fuzz: elapsed: 57m36s, execs: 333143154 (94447/sec), new interesting: 0 (total: 15)
fuzz: elapsed: 57m39s, execs: 333436719 (97802/sec), new interesting: 0 (total: 15)
fuzz: elapsed: 57m42s, execs: 333727042 (96763/sec), new interesting: 0 (total: 15)
fuzz: elapsed: 57m45s, execs: 334017408 (96854/sec), new interesting: 0 (total: 15)
fuzz: elapsed: 57m48s, execs: 334304980 (95856/sec), new interesting: 0 (total: 15)
fuzz: elapsed: 57m51s, execs: 334595969 (96997/sec), new interesting: 0 (total: 15)
fuzz: elapsed: 57m54s, execs: 334885727 (96576/sec), new interesting: 0 (total: 15)
fuzz: elapsed: 57m57s, execs: 335175747 (96668/sec), new interesting: 0 (total: 15)
fuzz: elapsed: 58m0s, execs: 335463411 (95839/sec), new interesting: 0 (total: 15)
fuzz: elapsed: 58m3s, execs: 335753664 (96794/sec), new interesting: 0 (total: 15)
fuzz: elapsed: 58m6s, execs: 336046339 (97579/sec), new interesting: 0 (total: 15)
fuzz: elapsed: 58m9s, execs: 336331496 (95052/sec), new interesting: 0 (total: 15)
fuzz: elapsed: 58m12s, execs: 336624192 (97566/sec), new interesting: 0 (total: 15)
fuzz: elapsed: 58m15s, execs: 336914310 (96704/sec), new interesting: 0 (total: 15)
fuzz: elapsed: 58m18s, execs: 337204712 (96802/sec), new interesting: 0 (total: 15)
fuzz: elapsed: 58m21s, execs: 337492734 (96007/sec), new interesting: 0 (total: 15)
fuzz: elapsed: 58m24s, execs: 337785449 (97572/sec), new interesting: 0 (total: 15)
fuzz: elapsed: 58m27s, execs: 338074931 (96494/sec), new interesting: 0 (total: 15)
fuzz: elapsed: 58m30s, execs: 338363027 (96032/sec), new interesting: 0 (total: 15)
fuzz: elapsed: 58m33s, execs: 338655798 (97591/sec), new interesting: 0 (total: 15)
fuzz: elapsed: 58m36s, execs: 338943349 (95848/sec), new interesting: 0 (total: 15)
fuzz: elapsed: 58m39s, execs: 339235814 (97490/sec), new interesting: 0 (total: 15)
fuzz: elapsed: 58m42s, execs: 339523609 (95932/sec), new interesting: 0 (total: 15)
fuzz: elapsed: 58m45s, execs: 339814073 (96823/sec), new interesting: 0 (total: 15)
fuzz: elapsed: 58m48s, execs: 340104318 (96747/sec), new interesting: 0 (total: 15)
fuzz: elapsed: 58m51s, execs: 340394391 (96693/sec), new interesting: 0 (total: 15)
fuzz: elapsed: 58m54s, execs: 340683766 (96458/sec), new interesting: 0 (total: 15)
fuzz: elapsed: 58m57s, execs: 340974065 (96757/sec), new interesting: 0 (total: 15)
fuzz: elapsed: 59m0s, execs: 341264781 (96915/sec), new interesting: 0 (total: 15)
fuzz: elapsed: 59m3s, execs: 341553251 (96130/sec), new interesting: 0 (total: 15)
fuzz: elapsed: 59m6s, execs: 341843420 (96700/sec), new interesting: 0 (total: 15)
fuzz: elapsed: 59m9s, execs: 342133291 (96673/sec), new interesting: 0 (total: 15)
fuzz: elapsed: 59m12s, execs: 342425936 (97548/sec), new interesting: 0 (total: 15)
fuzz: elapsed: 59m15s, execs: 342714456 (96173/sec), new interesting: 0 (total: 15)
fuzz: elapsed: 59m18s, execs: 343004782 (96776/sec), new interesting: 0 (total: 15)
fuzz: elapsed: 59m21s, execs: 343295196 (96784/sec), new interesting: 0 (total: 15)
fuzz: elapsed: 59m24s, execs: 343582727 (95834/sec), new interesting: 0 (total: 15)
fuzz: elapsed: 59m27s, execs: 343875520 (97628/sec), new interesting: 0 (total: 15)
fuzz: elapsed: 59m30s, execs: 344163331 (95873/sec), new interesting: 0 (total: 15)
fuzz: elapsed: 59m33s, execs: 344456499 (97785/sec), new interesting: 0 (total: 15)
fuzz: elapsed: 59m36s, execs: 344744303 (95936/sec), new interesting: 0 (total: 15)
fuzz: elapsed: 59m39s, execs: 345034773 (96824/sec), new interesting: 0 (total: 15)
fuzz: elapsed: 59m42s, execs: 345323946 (96391/sec), new interesting: 0 (total: 15)
fuzz: elapsed: 59m45s, execs: 345614654 (96878/sec), new interesting: 0 (total: 15)
fuzz: elapsed: 59m48s, execs: 345907628 (97682/sec), new interesting: 0 (total: 15)
fuzz: elapsed: 59m51s, execs: 346195086 (95820/sec), new interesting: 0 (total: 15)
fuzz: elapsed: 59m54s, execs: 346485803 (96906/sec), new interesting: 0 (total: 15)
fuzz: elapsed: 59m57s, execs: 346776299 (96832/sec), new interesting: 0 (total: 15)
fuzz: elapsed: 1h0m0s, execs: 347068910 (97536/sec), new interesting: 0 (total: 15)
fuzz: elapsed: 1h0m0s, execs: 347068910 (0/sec), new interesting: 0 (total: 15)
--- FAIL: FuzzMessageARoundTrip (3600.11s)
    context deadline exceeded
FAIL
exit status 1
FAIL	github.com/the-sarge/cpace	3600.524s
=== PASS: FuzzMessageBRoundTrip ===
=== PASS: FuzzMessageCRoundTrip ===
=== PASS: FuzzProtocolConsistency ===
=== PASS: FuzzProtocolMismatch ===
=== PASS: FuzzRespondWithFuzzedMessageA ===
=== PASS: FuzzResponderFinishWithFuzzedMessageC ===
=== PASS: FuzzScalarMultVFY ===
task: Failed to run task "fuzz": exit status 1
# campaign_end_utc=2026-07-31T22:29:39Z
# campaign_duration_seconds=50420
# campaign_exit=201
# new_fuzz_artifacts=none

$ git status --porcelain=v1
# start_utc=2026-07-31T22:29:39Z
# end_utc=2026-07-31T22:29:39Z exit=0
# transcript_end_utc=2026-07-31T22:29:39Z
# result=non-pass
